-- MySQL dump 10.13  Distrib 8.0.30, for Linux (x86_64)
--
-- Host: localhost    Database: tiendapp
-- ------------------------------------------------------
-- Server version	8.0.30-0ubuntu0.20.04.2

/*!40101 SET @OLD_CHARACTER_SET_CLIENT=@@CHARACTER_SET_CLIENT */;
/*!40101 SET @OLD_CHARACTER_SET_RESULTS=@@CHARACTER_SET_RESULTS */;
/*!40101 SET @OLD_COLLATION_CONNECTION=@@COLLATION_CONNECTION */;
/*!50503 SET NAMES utf8mb4 */;
/*!40103 SET @OLD_TIME_ZONE=@@TIME_ZONE */;
/*!40103 SET TIME_ZONE='+00:00' */;
/*!40014 SET @OLD_UNIQUE_CHECKS=@@UNIQUE_CHECKS, UNIQUE_CHECKS=0 */;
/*!40014 SET @OLD_FOREIGN_KEY_CHECKS=@@FOREIGN_KEY_CHECKS, FOREIGN_KEY_CHECKS=0 */;
/*!40101 SET @OLD_SQL_MODE=@@SQL_MODE, SQL_MODE='NO_AUTO_VALUE_ON_ZERO' */;
/*!40111 SET @OLD_SQL_NOTES=@@SQL_NOTES, SQL_NOTES=0 */;

--
-- Table structure for table `BILLS`
--

DROP TABLE IF EXISTS `BILLS`;
/*!40101 SET @saved_cs_client     = @@character_set_client */;
/*!50503 SET character_set_client = utf8mb4 */;
CREATE TABLE `BILLS` (
  `ID_BILL` int unsigned NOT NULL AUTO_INCREMENT,
  `CUSTOMER_ID` varchar(50) DEFAULT NULL,
  `CUSTOMER_NAME` varchar(100) DEFAULT NULL,
  `CUSTOMER_PHONE` varchar(15) DEFAULT NULL,
  `CUSTOMER_ADDRESS` varchar(200) DEFAULT NULL,
  `AMMOUNT` bigint unsigned DEFAULT NULL,
  `CREATED_AT` timestamp NULL DEFAULT NULL,
  `ID_STATUS` int unsigned DEFAULT NULL,
  `CODE` varchar(70) DEFAULT NULL,
  `ID_STORE` int unsigned DEFAULT NULL,
  `ID_SUPPLIER` int unsigned DEFAULT NULL,
  `REF_PAGO` varchar(200) DEFAULT NULL,
  `ID_TIPO_PAGO` int unsigned DEFAULT NULL,
  `DESCRIPTION` varchar(200) DEFAULT NULL,
  `UPDATED_AT` timestamp NULL DEFAULT NULL,
  PRIMARY KEY (`ID_BILL`),
  KEY `ID_STATUS` (`ID_STATUS`),
  KEY `ID_STORE` (`ID_STORE`),
  KEY `ID_SUPPLIER` (`ID_SUPPLIER`),
  KEY `ID_TIPO_PAGO` (`ID_TIPO_PAGO`),
  CONSTRAINT `BILLS_ibfk_1` FOREIGN KEY (`ID_STATUS`) REFERENCES `PAR_STATUS` (`ID_STATUS`),
  CONSTRAINT `BILLS_ibfk_2` FOREIGN KEY (`ID_STORE`) REFERENCES `STORES` (`ID_STORE`),
  CONSTRAINT `BILLS_ibfk_3` FOREIGN KEY (`ID_SUPPLIER`) REFERENCES `SUPPLIERS` (`ID_SUPPLIER`),
  CONSTRAINT `BILLS_ibfk_4` FOREIGN KEY (`ID_TIPO_PAGO`) REFERENCES `PAR_TIPO_PAGO` (`ID_TIPO_PAGO`)
) ENGINE=InnoDB AUTO_INCREMENT=156 DEFAULT CHARSET=utf8mb4 COLLATE=utf8mb4_0900_ai_ci;
/*!40101 SET character_set_client = @saved_cs_client */;

--
-- Dumping data for table `BILLS`
--

LOCK TABLES `BILLS` WRITE;
/*!40000 ALTER TABLE `BILLS` DISABLE KEYS */;
INSERT INTO `BILLS` VALUES (127,'1061543081','Ruben Dario Vargas Yandy','3117348662','Calle luna, Calle sol',76000,'2022-06-08 05:55:25',4,'16546677252781061543081',8,NULL,NULL,NULL,NULL,NULL),(128,'335307','Carla','3117348662','',200000,'2022-06-08 06:10:45',4,'1654668645574335307',8,NULL,NULL,NULL,NULL,NULL),(129,'360355','Curruca','','',171000,'2022-06-08 06:15:40',4,'1654668940366360355',8,NULL,NULL,NULL,NULL,NULL),(130,'191662','','','',310000,'2022-06-08 06:25:36',4,'1654669536825191662',8,NULL,NULL,NULL,NULL,NULL),(131,'322968','','','',400000,'2022-06-08 06:27:36',4,'1654669656203322968',8,NULL,NULL,NULL,NULL,NULL),(132,'479922','Prueba 2','','',40000,'2022-06-08 06:55:50',4,'1654671350074479922',8,NULL,NULL,NULL,NULL,NULL),(133,'630940','Cuenta Telefono','','',348000,'2022-06-08 07:00:22',9,'1654671622915630940',8,NULL,NULL,NULL,NULL,NULL),(134,'102546','','','',49500,'2022-06-20 15:54:09',4,'1655740449324102546',11,NULL,NULL,NULL,NULL,NULL),(135,'702979','','','',24000,'2022-06-20 16:21:17',4,'1655742077730702979',11,NULL,NULL,NULL,NULL,NULL),(136,'505222','','','',22000,'2022-06-23 22:22:12',4,'1656022932336505222',11,NULL,NULL,NULL,NULL,NULL),(137,'781522','','','',20000,'2022-06-26 01:45:58',4,'1656207958880781522',8,NULL,NULL,NULL,NULL,NULL),(138,'222222222','CLIENTES VARIOS','00000000000','CR 11 10 40',104000,'2022-08-02 21:37:25',4,'1659476245780222222222',17,NULL,NULL,NULL,NULL,NULL),(139,'977348','','','',18000,'2022-08-02 22:48:19',4,'1659480499444977348',17,NULL,NULL,NULL,NULL,NULL),(140,'797293','','','',18000,'2022-08-02 23:10:08',4,'1659481808609797293',17,NULL,NULL,NULL,NULL,NULL),(141,'838288','Mesa 1','','',25000,'2022-08-02 23:34:24',4,'1659483264995838288',10,NULL,NULL,NULL,NULL,NULL),(142,'812594','Mesa 1','','',12000,'2022-08-02 23:34:56',9,'1659483296417812594',10,NULL,NULL,NULL,NULL,NULL),(143,'980919','Mesa 3','','',55000,'2022-08-02 23:36:06',9,'1659483366965980919',10,NULL,NULL,NULL,NULL,NULL),(144,'438076','','','',3000,'2022-08-02 23:46:03',4,'1659483963379438076',17,NULL,NULL,NULL,NULL,NULL),(145,NULL,NULL,NULL,NULL,0,'2022-08-31 04:30:12',15,NULL,8,2,NULL,6,'Madam Bordeaux',NULL),(146,NULL,NULL,NULL,NULL,0,'2022-08-31 04:30:43',15,NULL,8,2,NULL,3,'Jack Dawson',NULL),(147,NULL,NULL,NULL,NULL,0,'2022-08-31 04:39:59',15,NULL,8,2,NULL,2,'Probando descripcción',NULL),(148,NULL,NULL,NULL,NULL,0,'2022-08-31 04:42:39',15,NULL,8,2,NULL,3,'Jack Dawson',NULL),(149,NULL,NULL,NULL,NULL,0,'2022-08-31 04:46:32',15,NULL,8,2,NULL,2,'Probando descripcción',NULL),(150,NULL,NULL,NULL,NULL,0,'2022-08-31 04:47:24',15,'16619212447741061543081',8,2,NULL,2,'Probando descripcción',NULL),(151,NULL,NULL,NULL,NULL,0,'2022-08-31 04:49:29',15,'1661921369585',8,2,NULL,2,'Probando descripcción',NULL),(152,NULL,NULL,NULL,NULL,0,'2022-08-31 04:49:44',15,'1661921384117',8,2,NULL,3,'Jack Dawson',NULL),(153,NULL,NULL,NULL,NULL,0,'2022-08-31 04:50:28',15,'1661921428656',8,2,NULL,2,'Probando descripcción',NULL),(154,NULL,NULL,NULL,NULL,0,'2022-08-31 04:50:31',15,'1661921431123',8,2,NULL,2,'Probando descripcción',NULL),(155,NULL,NULL,NULL,NULL,0,'2022-08-31 04:53:22',15,'16619216025839941',8,2,NULL,2,'Probando descripcción',NULL);
/*!40000 ALTER TABLE `BILLS` ENABLE KEYS */;
UNLOCK TABLES;

--
-- Table structure for table `BILLS_DETAIL`
--

DROP TABLE IF EXISTS `BILLS_DETAIL`;
/*!40101 SET @saved_cs_client     = @@character_set_client */;
/*!50503 SET character_set_client = utf8mb4 */;
CREATE TABLE `BILLS_DETAIL` (
  `ID_BILL_DETAIL` int unsigned NOT NULL AUTO_INCREMENT,
  `ID_BILL` int unsigned DEFAULT NULL,
  `ID_PRODUCT` int unsigned DEFAULT NULL,
  `PRICE` int unsigned DEFAULT NULL,
  `FINAL_PRICE` int unsigned DEFAULT NULL,
  `COST` int unsigned DEFAULT NULL,
  `UNITS` int unsigned DEFAULT NULL,
  `OFF` float DEFAULT NULL,
  `DESCRIPTION` varchar(200) DEFAULT NULL,
  PRIMARY KEY (`ID_BILL_DETAIL`),
  KEY `ID_BILL` (`ID_BILL`),
  KEY `ID_PRODUCT` (`ID_PRODUCT`),
  CONSTRAINT `BILLS_DETAIL_ibfk_1` FOREIGN KEY (`ID_BILL`) REFERENCES `BILLS` (`ID_BILL`),
  CONSTRAINT `BILLS_DETAIL_ibfk_2` FOREIGN KEY (`ID_PRODUCT`) REFERENCES `PRODUCTS` (`ID_PRODUCT`)
) ENGINE=InnoDB AUTO_INCREMENT=316 DEFAULT CHARSET=utf8mb4 COLLATE=utf8mb4_0900_ai_ci;
/*!40101 SET character_set_client = @saved_cs_client */;

--
-- Dumping data for table `BILLS_DETAIL`
--

LOCK TABLES `BILLS_DETAIL` WRITE;
/*!40000 ALTER TABLE `BILLS_DETAIL` DISABLE KEYS */;
INSERT INTO `BILLS_DETAIL` VALUES (280,127,17,20000,19000,18000,4,5,NULL),(281,128,19,100000,50000,80000,2,50,NULL),(282,128,17,20000,20000,18000,5,0,NULL),(283,129,17,20000,18000,18000,2,10,NULL),(284,129,18,150000,135000,120000,1,10,NULL),(285,130,18,150000,150000,120000,1,0,NULL),(286,130,19,100000,100000,80000,1,0,NULL),(287,130,17,20000,20000,18000,3,0,NULL),(288,131,19,100000,100000,80000,1,0,NULL),(289,131,18,150000,150000,120000,2,0,NULL),(290,132,17,20000,20000,18000,2,0,NULL),(291,133,19,100000,95000,80000,4,5,NULL),(292,133,17,20000,16000,18000,3,20,NULL),(293,134,99,55000,49500,29000,1,10,NULL),(294,135,43,12000,12000,7000,2,0,NULL),(295,136,52,22000,22000,12000,1,0,NULL),(296,137,17,20000,20000,18000,1,0,NULL),(297,138,186,12000,12000,8000,2,0,NULL),(299,138,184,12000,12000,7990,3,0,NULL),(301,139,206,3000,3000,2091,6,0,NULL),(304,140,207,3000,3000,2012,6,0,NULL),(305,138,202,12000,12000,8200,2,0,NULL),(306,141,63,25000,25000,14000,1,0,NULL),(307,142,64,12000,12000,5500,1,0,NULL),(308,143,63,25000,25000,14000,1,0,NULL),(309,143,65,15000,15000,12000,2,0,NULL),(310,144,205,3000,3000,2012,1,0,NULL),(311,138,185,20000,20000,13990,1,0,NULL),(312,145,19,80000,160000,80000,2,NULL,NULL),(313,146,19,80000,80000,80000,1,NULL,NULL),(314,148,19,80000,80000,80000,1,NULL,NULL),(315,152,19,80000,80000,80000,1,NULL,NULL);
/*!40000 ALTER TABLE `BILLS_DETAIL` ENABLE KEYS */;
UNLOCK TABLES;

--
-- Table structure for table `CATEGORIES`
--

DROP TABLE IF EXISTS `CATEGORIES`;
/*!40101 SET @saved_cs_client     = @@character_set_client */;
/*!50503 SET character_set_client = utf8mb4 */;
CREATE TABLE `CATEGORIES` (
  `ID_CATEGORY` int unsigned NOT NULL AUTO_INCREMENT,
  `CATEGORY_NAME` varchar(200) DEFAULT NULL,
  `CATEGORY_DESCRIPTION` text,
  `ID_CATEGORY_PARENT` int unsigned DEFAULT NULL,
  `ID_STORE` int unsigned DEFAULT NULL,
  `MONGO_ID` varchar(24) DEFAULT NULL,
  `IMG_SRC` varchar(500) DEFAULT NULL,
  PRIMARY KEY (`ID_CATEGORY`),
  KEY `ID_STORE` (`ID_STORE`),
  KEY `ID_CATEGORY_PARENT` (`ID_CATEGORY_PARENT`),
  CONSTRAINT `CATEGORIES_ibfk_1` FOREIGN KEY (`ID_STORE`) REFERENCES `STORES` (`ID_STORE`),
  CONSTRAINT `CATEGORIES_ibfk_2` FOREIGN KEY (`ID_CATEGORY_PARENT`) REFERENCES `CATEGORIES` (`ID_CATEGORY`)
) ENGINE=InnoDB AUTO_INCREMENT=76 DEFAULT CHARSET=utf8mb4 COLLATE=utf8mb4_0900_ai_ci;
/*!40101 SET character_set_client = @saved_cs_client */;

--
-- Dumping data for table `CATEGORIES`
--

LOCK TABLES `CATEGORIES` WRITE;
/*!40000 ALTER TABLE `CATEGORIES` DISABLE KEYS */;
INSERT INTO `CATEGORIES` VALUES (59,'Cigarrillos',NULL,NULL,8,NULL,NULL),(60,'Fitness','',NULL,8,NULL,NULL),(61,'Ropa',NULL,NULL,8,NULL,NULL),(62,'DIRECCIONALES','',NULL,11,NULL,NULL),(63,'Aceites',NULL,NULL,11,NULL,NULL),(64,'FAROLAS','',NULL,11,NULL,NULL),(65,'SWICHES DE ENCENDIDO','',NULL,11,NULL,NULL),(66,'SWICHES DE ENCENDIDO','',NULL,11,NULL,NULL),(67,'LUJOS','',NULL,11,NULL,NULL),(68,'ESPEJOS','',NULL,11,NULL,NULL),(69,'CAUCHOS Y CALAPIES',NULL,NULL,11,NULL,NULL),(70,'PARTES ELECTRICAS','',NULL,11,NULL,NULL),(71,'Cervezas','',NULL,17,NULL,NULL),(72,'Licores',NULL,NULL,17,NULL,NULL),(73,'Vinos',NULL,NULL,17,NULL,NULL),(74,'Energizantes',NULL,NULL,17,NULL,NULL),(75,'Lacteos',NULL,NULL,8,NULL,NULL);
/*!40000 ALTER TABLE `CATEGORIES` ENABLE KEYS */;
UNLOCK TABLES;

--
-- Table structure for table `COSTS`
--

DROP TABLE IF EXISTS `COSTS`;
/*!40101 SET @saved_cs_client     = @@character_set_client */;
/*!50503 SET character_set_client = utf8mb4 */;
CREATE TABLE `COSTS` (
  `ID_COST` int unsigned NOT NULL AUTO_INCREMENT,
  `ID_STORE` int unsigned DEFAULT NULL,
  `ID_COST_CATEGORY` int unsigned DEFAULT NULL,
  `REF_COBRO` varchar(200) DEFAULT NULL,
  `REF_PAGO` varchar(200) DEFAULT NULL,
  `ID_TIPO_PAGO` int unsigned DEFAULT NULL,
  `DESCRIPTION` varchar(500) DEFAULT NULL,
  `AMMOUNT` int DEFAULT NULL,
  `ID_STATUS` int unsigned DEFAULT NULL,
  `CREATED_AT` timestamp NULL DEFAULT CURRENT_TIMESTAMP,
  `UPDATED_AT` timestamp NULL DEFAULT NULL,
  PRIMARY KEY (`ID_COST`),
  KEY `ID_TIPO_PAGO` (`ID_TIPO_PAGO`),
  KEY `ID_STATUS` (`ID_STATUS`),
  KEY `ID_COST_CATEGORY` (`ID_COST_CATEGORY`),
  KEY `ID_STORE` (`ID_STORE`),
  CONSTRAINT `COSTS_ibfk_1` FOREIGN KEY (`ID_TIPO_PAGO`) REFERENCES `PAR_TIPO_PAGO` (`ID_TIPO_PAGO`),
  CONSTRAINT `COSTS_ibfk_2` FOREIGN KEY (`ID_STATUS`) REFERENCES `PAR_STATUS` (`ID_STATUS`),
  CONSTRAINT `COSTS_ibfk_3` FOREIGN KEY (`ID_COST_CATEGORY`) REFERENCES `COSTS_CATEGORIES` (`ID_COST_CATEGORY`),
  CONSTRAINT `COSTS_ibfk_4` FOREIGN KEY (`ID_STORE`) REFERENCES `STORES` (`ID_STORE`)
) ENGINE=InnoDB DEFAULT CHARSET=utf8mb4 COLLATE=utf8mb4_0900_ai_ci;
/*!40101 SET character_set_client = @saved_cs_client */;

--
-- Dumping data for table `COSTS`
--

LOCK TABLES `COSTS` WRITE;
/*!40000 ALTER TABLE `COSTS` DISABLE KEYS */;
/*!40000 ALTER TABLE `COSTS` ENABLE KEYS */;
UNLOCK TABLES;

--
-- Table structure for table `COSTS_CATEGORIES`
--

DROP TABLE IF EXISTS `COSTS_CATEGORIES`;
/*!40101 SET @saved_cs_client     = @@character_set_client */;
/*!50503 SET character_set_client = utf8mb4 */;
CREATE TABLE `COSTS_CATEGORIES` (
  `ID_COST_CATEGORY` int unsigned NOT NULL AUTO_INCREMENT,
  `DESCRIPTION` varchar(200) DEFAULT NULL,
  `CODIGO` varchar(10) DEFAULT NULL,
  PRIMARY KEY (`ID_COST_CATEGORY`)
) ENGINE=InnoDB AUTO_INCREMENT=6 DEFAULT CHARSET=utf8mb4 COLLATE=utf8mb4_0900_ai_ci;
/*!40101 SET character_set_client = @saved_cs_client */;

--
-- Dumping data for table `COSTS_CATEGORIES`
--

LOCK TABLES `COSTS_CATEGORIES` WRITE;
/*!40000 ALTER TABLE `COSTS_CATEGORIES` DISABLE KEYS */;
INSERT INTO `COSTS_CATEGORIES` VALUES (1,'Servicios Públicos','CS1'),(2,'Asesorias','CS2'),(3,'Mantenimiento','CS3'),(4,'Arriendo','CS4'),(5,'Impuestos','CS5');
/*!40000 ALTER TABLE `COSTS_CATEGORIES` ENABLE KEYS */;
UNLOCK TABLES;

--
-- Table structure for table `PAR_ESTADO_PAGO`
--

DROP TABLE IF EXISTS `PAR_ESTADO_PAGO`;
/*!40101 SET @saved_cs_client     = @@character_set_client */;
/*!50503 SET character_set_client = utf8mb4 */;
CREATE TABLE `PAR_ESTADO_PAGO` (
  `ID_ESTADO_PAGO` int unsigned NOT NULL AUTO_INCREMENT,
  `DESCRIPTION` varchar(100) DEFAULT NULL,
  `CODE` varchar(10) DEFAULT NULL,
  PRIMARY KEY (`ID_ESTADO_PAGO`)
) ENGINE=InnoDB AUTO_INCREMENT=4 DEFAULT CHARSET=utf8mb4 COLLATE=utf8mb4_0900_ai_ci;
/*!40101 SET character_set_client = @saved_cs_client */;

--
-- Dumping data for table `PAR_ESTADO_PAGO`
--

LOCK TABLES `PAR_ESTADO_PAGO` WRITE;
/*!40000 ALTER TABLE `PAR_ESTADO_PAGO` DISABLE KEYS */;
INSERT INTO `PAR_ESTADO_PAGO` VALUES (1,'PENDIENTE','PEN-1'),(2,'APROBADO','APPROVED'),(3,'RECHAZADO','REJECTED');
/*!40000 ALTER TABLE `PAR_ESTADO_PAGO` ENABLE KEYS */;
UNLOCK TABLES;

--
-- Table structure for table `PAR_STATUS`
--

DROP TABLE IF EXISTS `PAR_STATUS`;
/*!40101 SET @saved_cs_client     = @@character_set_client */;
/*!50503 SET character_set_client = utf8mb4 */;
CREATE TABLE `PAR_STATUS` (
  `ID_STATUS` int unsigned NOT NULL AUTO_INCREMENT,
  `DESCRIPTION` varchar(200) DEFAULT NULL,
  `CODE` varchar(20) DEFAULT NULL,
  PRIMARY KEY (`ID_STATUS`)
) ENGINE=InnoDB AUTO_INCREMENT=22 DEFAULT CHARSET=utf8mb4 COLLATE=utf8mb4_0900_ai_ci;
/*!40101 SET character_set_client = @saved_cs_client */;

--
-- Dumping data for table `PAR_STATUS`
--

LOCK TABLES `PAR_STATUS` WRITE;
/*!40000 ALTER TABLE `PAR_STATUS` DISABLE KEYS */;
INSERT INTO `PAR_STATUS` VALUES (1,'PAGADO','P1'),(2,'PAGADO-PENDIENTE','P2'),(3,'PAGADO-DESPACHADO','P3'),(4,'PAGADO-ENTREGADO','P4'),(5,'CREDITO','C1'),(6,'CREDITO-PENDIENTE','C2'),(7,'CREDITO-DESPACHADO','C3'),(8,'CREDITO-ENTREGADO','C4'),(9,'ABIERTA','A1'),(10,'ANULADO','A2'),(11,'DEVOLUCION','D1'),(12,'DEVOLUCION-RECIBIDO','D2'),(13,'DEVOLUCION-PAGADO','D3'),(14,'PROVEEDOR-PENDIENTE','S1'),(15,'PROVEEDOR-PAGADO','S2'),(16,'PROVEEDOR-ANULADO','S3'),(17,'PROVEEDOR-ENTREGADO','S4'),(18,'PROVEEDOR-ABIERTO','S0'),(19,'GASTO-PAGADO','G1'),(20,'GASTO-PENDIENTE','G2'),(21,'GASTO-ANULADO','G3');
/*!40000 ALTER TABLE `PAR_STATUS` ENABLE KEYS */;
UNLOCK TABLES;

--
-- Table structure for table `PAR_TIPO_PAGO`
--

DROP TABLE IF EXISTS `PAR_TIPO_PAGO`;
/*!40101 SET @saved_cs_client     = @@character_set_client */;
/*!50503 SET character_set_client = utf8mb4 */;
CREATE TABLE `PAR_TIPO_PAGO` (
  `ID_TIPO_PAGO` int unsigned NOT NULL AUTO_INCREMENT,
  `DESCRIPTION` varchar(200) DEFAULT NULL,
  `CODE` varchar(5) DEFAULT NULL,
  PRIMARY KEY (`ID_TIPO_PAGO`)
) ENGINE=InnoDB AUTO_INCREMENT=9 DEFAULT CHARSET=utf8mb4 COLLATE=utf8mb4_0900_ai_ci;
/*!40101 SET character_set_client = @saved_cs_client */;

--
-- Dumping data for table `PAR_TIPO_PAGO`
--

LOCK TABLES `PAR_TIPO_PAGO` WRITE;
/*!40000 ALTER TABLE `PAR_TIPO_PAGO` DISABLE KEYS */;
INSERT INTO `PAR_TIPO_PAGO` VALUES (1,'EFECTIVO','E1'),(2,'TRANSFERENCIA BANCARIA','T1'),(3,'TRANSFERENCIA NEQUI','T1'),(4,'TRANSFERENCIA DAVIPLATA','T3'),(5,'PSE','PSE-1'),(6,'TARJETA CREDITO','CRE-1'),(7,'TARJETA DEBITO','DEB-1'),(8,'MIXTO','MIX-1');
/*!40000 ALTER TABLE `PAR_TIPO_PAGO` ENABLE KEYS */;
UNLOCK TABLES;

--
-- Table structure for table `PAR_USER_TYPE`
--

DROP TABLE IF EXISTS `PAR_USER_TYPE`;
/*!40101 SET @saved_cs_client     = @@character_set_client */;
/*!50503 SET character_set_client = utf8mb4 */;
CREATE TABLE `PAR_USER_TYPE` (
  `ID_PAR_USER_TYPE` int unsigned NOT NULL AUTO_INCREMENT,
  `DESCRIPTION` varchar(30) DEFAULT NULL,
  PRIMARY KEY (`ID_PAR_USER_TYPE`)
) ENGINE=InnoDB AUTO_INCREMENT=4 DEFAULT CHARSET=utf8mb4 COLLATE=utf8mb4_0900_ai_ci;
/*!40101 SET character_set_client = @saved_cs_client */;

--
-- Dumping data for table `PAR_USER_TYPE`
--

LOCK TABLES `PAR_USER_TYPE` WRITE;
/*!40000 ALTER TABLE `PAR_USER_TYPE` DISABLE KEYS */;
INSERT INTO `PAR_USER_TYPE` VALUES (1,'STAFF'),(2,'CUSTOMER'),(3,'GUEST');
/*!40000 ALTER TABLE `PAR_USER_TYPE` ENABLE KEYS */;
UNLOCK TABLES;

--
-- Table structure for table `PATHS`
--

DROP TABLE IF EXISTS `PATHS`;
/*!40101 SET @saved_cs_client     = @@character_set_client */;
/*!50503 SET character_set_client = utf8mb4 */;
CREATE TABLE `PATHS` (
  `ID_PATH` int unsigned NOT NULL AUTO_INCREMENT,
  `PATH` varchar(300) DEFAULT NULL,
  `METHOD` varchar(10) DEFAULT NULL,
  `DESCRIPTION` text,
  `PUBLIC` smallint unsigned DEFAULT '0',
  PRIMARY KEY (`ID_PATH`)
) ENGINE=InnoDB AUTO_INCREMENT=56 DEFAULT CHARSET=utf8mb4 COLLATE=utf8mb4_0900_ai_ci;
/*!40101 SET character_set_client = @saved_cs_client */;

--
-- Dumping data for table `PATHS`
--

LOCK TABLES `PATHS` WRITE;
/*!40000 ALTER TABLE `PATHS` DISABLE KEYS */;
INSERT INTO `PATHS` VALUES (1,'/api/login','POST','Login into the platform from POST REQ',1),(2,'/api/post','POST','Insert a Post to the platform',0),(3,'/api/newsfeed','GET','Obtain information from Newsfeed',0),(4,'/api/v1/createStore','POST','Save a new Store',0),(5,'/api/v1/updateStore','POST','Save a new Store',0),(6,'/api/v1/store','GET','Save a new Store',0),(7,'/api/v1/store/create','POST','Save a new Store',0),(8,'/api/v1/store/update','POST','Save a new Store',0),(9,'/api/v1/store/delete','POST','Save a new Store',0),(10,'/api/v1/product','GET','Get information about a Product',0),(11,'/api/v1/products','GET','Get information about a set of products',0),(12,'/api/v1/product/create','POST','Create a new product',0),(13,'/api/v1/product/update','POST','Update a product',0),(14,'/api/v1/product/delete','POST','Delete a product',0),(15,'/api/v1/category','GET','Get information about a Category',0),(16,'/api/v1/categories','GET','Get information about a set of categories',0),(17,'/api/v1/category/create','POST','Create a new category',0),(18,'/api/v1/category/update','POST','Update a category',0),(19,'/api/v1/category/delete','POST','Delete a category',0),(20,'/api/v1/user/update','POST','Update user information',0),(21,'/api/v1/user/roles','POST','GET ROLES FOR A USER',0),(22,'/api/v1/user/roles','GET','GET ROLES FOR A USER',0),(23,'/api/v1/store/get/user','GET','Get stores associated to specific user',0),(24,'/api/v1/files/upload','POST','Upload any kind of files',0),(25,'/api/v1/files/download','GET','Download resources',0),(26,'/api/v1/bill/create','POST','Create a new bill',0),(27,'/api/v1/bill/product/add','POST','Add a product to a bill',0),(28,'/api/v1/bill/product/update','POST','Update a product to a bill',0),(29,'/api/v1/bill/product/delete','POST','Delete a product to a bill',0),(30,'/api/v1/bill/status/update','POST','Update status of a bill',0),(31,'/api/v1/bill/delete','POST','Delete a bill',0),(32,'/api/v1/bill/search','GET','Find bills by keyword',0),(33,'/api/v1/bill/get','GET','Get all information about a specific bill',0),(34,'/api/v1/bill/get/store','GET','Get all bill of a store',0),(35,'/api/v1/bill/detail/get','GET','Get all detail of a bill',0),(36,'/api/v1/bill/get/open','GET','Get open bills',0),(37,'/api/v1/product/get/store/stock','GET','Obtener productos con alerta de Stock',0),(38,'/api/v1/suppliers/create','POST','Api to add a supplier to a specific store',0),(39,'/api/v1/suppliers/delete','POST','Api to delete a supplier',0),(40,'/api/v1/suppliers/bill/create','POST','Create a bill supplier',0),(41,'/api/v1/suppliers/bill/product/add','POST','Add a product to a supplier bill',0),(42,'/api/v1/suppliers/bill/product/update','POST','Update a product to a supplier bill',0),(43,'/api/v1/suppliers/bill/product/delete','POST','Delete a product from a supplier bill',0),(44,'/api/v1/suppliers/update','POST','Update supplier info',0),(45,'/api/v1/suppliers/get/store','GET','Get all suppliers of a specific store',0),(46,'/api/v1/suppliers/get','GET','Get a specific supplier',0),(47,'/api/v1/product/get/all','GET','Get all info about whole products in a specific store',0),(48,'/api/v1/suppliers/get/all','GET','Get all suppliers of a store',0),(49,'/api/v1/bill/par/tipo_pago','GET','Get all tipo pago status',0),(50,'/api/v1/suppliers/bill/costs/get','GET','End point to get all suppliers or inventory costs',0),(51,'/api/v1/costs/add','POST','Add a cost to a store',0),(52,'/api/v1/costs/categories/get','GET','get all costs categories',0),(53,'/api/v1/costs/status/get','GET','get all status of a cost',0),(54,'/api/v1/costs/get','GET','get all costs of a store',0),(55,'/api/v1/costs/get/cost','GET','get all information about a specific cost',0);
/*!40000 ALTER TABLE `PATHS` ENABLE KEYS */;
UNLOCK TABLES;

--
-- Table structure for table `PATHS_ROLES`
--

DROP TABLE IF EXISTS `PATHS_ROLES`;
/*!40101 SET @saved_cs_client     = @@character_set_client */;
/*!50503 SET character_set_client = utf8mb4 */;
CREATE TABLE `PATHS_ROLES` (
  `ID_PATH_ROLE` int unsigned NOT NULL AUTO_INCREMENT,
  `ID_PATH` int unsigned DEFAULT NULL,
  `ID_ROLE` int unsigned DEFAULT NULL,
  PRIMARY KEY (`ID_PATH_ROLE`),
  KEY `ID_PATH` (`ID_PATH`),
  KEY `ID_ROLE` (`ID_ROLE`),
  CONSTRAINT `PATHS_ROLES_ibfk_1` FOREIGN KEY (`ID_PATH`) REFERENCES `PATHS` (`ID_PATH`),
  CONSTRAINT `PATHS_ROLES_ibfk_2` FOREIGN KEY (`ID_ROLE`) REFERENCES `ROLES` (`ID_ROLE`)
) ENGINE=InnoDB AUTO_INCREMENT=106 DEFAULT CHARSET=utf8mb4 COLLATE=utf8mb4_0900_ai_ci;
/*!40101 SET character_set_client = @saved_cs_client */;

--
-- Dumping data for table `PATHS_ROLES`
--

LOCK TABLES `PATHS_ROLES` WRITE;
/*!40000 ALTER TABLE `PATHS_ROLES` DISABLE KEYS */;
INSERT INTO `PATHS_ROLES` VALUES (1,1,1),(2,2,1),(3,1,2),(4,3,1),(5,2,2),(7,6,1),(8,7,1),(9,8,1),(10,9,1),(11,19,1),(12,18,1),(13,17,1),(14,16,1),(15,15,1),(16,14,1),(17,13,1),(18,12,1),(19,11,1),(20,10,1),(21,10,2),(22,11,2),(23,12,2),(24,13,2),(25,14,2),(26,15,2),(27,16,2),(28,17,2),(29,18,2),(30,19,2),(33,20,1),(34,21,1),(35,21,2),(37,23,1),(38,23,2),(39,24,1),(40,24,2),(42,25,1),(43,25,2),(45,26,1),(46,27,1),(47,28,1),(48,29,1),(49,30,1),(50,31,1),(52,26,3),(53,27,3),(54,28,3),(55,29,3),(56,30,3),(57,32,1),(58,32,3),(59,33,1),(60,33,3),(61,34,1),(62,34,3),(63,35,1),(64,35,3),(65,36,1),(66,36,3),(67,37,1),(68,37,2),(69,38,1),(70,39,1),(71,40,1),(72,41,1),(73,42,1),(74,43,1),(75,38,2),(76,39,2),(77,40,2),(78,41,2),(79,42,2),(80,43,2),(81,44,1),(82,44,2),(83,45,1),(84,45,2),(85,46,1),(86,46,2),(87,47,2),(88,47,1),(89,48,1),(90,48,2),(91,49,1),(92,49,2),(93,50,1),(94,50,2),(95,51,1),(96,51,2),(97,52,1),(98,52,2),(100,53,1),(101,53,2),(102,54,1),(103,54,2),(104,55,1),(105,55,2);
/*!40000 ALTER TABLE `PATHS_ROLES` ENABLE KEYS */;
UNLOCK TABLES;

--
-- Table structure for table `PRODUCTS`
--

DROP TABLE IF EXISTS `PRODUCTS`;
/*!40101 SET @saved_cs_client     = @@character_set_client */;
/*!50503 SET character_set_client = utf8mb4 */;
CREATE TABLE `PRODUCTS` (
  `ID_PRODUCT` int unsigned NOT NULL AUTO_INCREMENT,
  `PRODUCT_NAME` varchar(200) DEFAULT NULL,
  `PRODUCT_LINE` varchar(100) DEFAULT NULL,
  `PRODUCT_DESCRIPTION` text,
  `PRODUCT_BRAND` varchar(100) DEFAULT NULL,
  `PRODUCT_QUANTITY` float DEFAULT NULL,
  `PRODUCT_PRICE` float DEFAULT NULL,
  `PRODUCT_COST` float DEFAULT NULL,
  `PRODUCT_STOCK` int DEFAULT NULL,
  `STOCK_ALERT` int unsigned DEFAULT '0',
  `PRODUCT_OFF` float DEFAULT '0',
  `PRODUCT_CODE` varchar(20) DEFAULT NULL,
  `ID_STORE` int unsigned DEFAULT NULL,
  `ID_CATEGORY` int unsigned DEFAULT NULL,
  `MONGO_ID` varchar(24) DEFAULT NULL,
  `ACTIVE` smallint unsigned DEFAULT '1',
  `IMG_SRC` varchar(500) DEFAULT NULL,
  `CREATED_AT` timestamp NULL DEFAULT CURRENT_TIMESTAMP,
  `UPDATED_AT` timestamp NULL DEFAULT CURRENT_TIMESTAMP,
  PRIMARY KEY (`ID_PRODUCT`),
  KEY `ID_STORE` (`ID_STORE`),
  KEY `ID_CATEGORY` (`ID_CATEGORY`),
  FULLTEXT KEY `PRODUCT_NAME` (`PRODUCT_NAME`),
  FULLTEXT KEY `PRODUCT_BRAND` (`PRODUCT_BRAND`),
  FULLTEXT KEY `PRODUCT_BRAND_2` (`PRODUCT_BRAND`),
  FULLTEXT KEY `PRODUCT_BRAND_3` (`PRODUCT_BRAND`),
  FULLTEXT KEY `PRODUCT_NAME_2` (`PRODUCT_NAME`,`PRODUCT_BRAND`),
  CONSTRAINT `PRODUCTS_ibfk_1` FOREIGN KEY (`ID_STORE`) REFERENCES `STORES` (`ID_STORE`),
  CONSTRAINT `PRODUCTS_ibfk_2` FOREIGN KEY (`ID_CATEGORY`) REFERENCES `CATEGORIES` (`ID_CATEGORY`)
) ENGINE=InnoDB AUTO_INCREMENT=234 DEFAULT CHARSET=utf8mb4 COLLATE=utf8mb4_0900_ai_ci;
/*!40101 SET character_set_client = @saved_cs_client */;

--
-- Dumping data for table `PRODUCTS`
--

LOCK TABLES `PRODUCTS` WRITE;
/*!40000 ALTER TABLE `PRODUCTS` DISABLE KEYS */;
INSERT INTO `PRODUCTS` VALUES (17,'VUSE Epod Classic Mint 3%',NULL,'Pack x2',NULL,1,20000,18000,11,17,0,'7501031701773',8,59,NULL,1,NULL,'2022-08-07 01:28:31','2022-08-07 01:28:51'),(18,'MW The Best',NULL,'',NULL,1,150000,120000,7,5,0,'MW-1302079617',8,NULL,NULL,1,NULL,'2022-08-07 01:28:31','2022-08-07 01:28:51'),(19,'AIRDOTS',NULL,'',NULL,1,100000,80000,4,0,0,'6934177726828',8,NULL,NULL,1,NULL,'2022-08-07 01:28:31','2022-08-07 01:28:51'),(20,'direccional discover 125 st iz',NULL,'',NULL,1,12000,6500,3,4,0,'0000100',11,62,NULL,1,NULL,'2022-08-07 01:28:31','2022-08-07 01:28:51'),(21,'direccional discover st Der',NULL,'',NULL,1,12000,6500,2,4,0,'0000101',11,NULL,NULL,1,NULL,'2022-08-07 01:28:31','2022-08-07 01:28:51'),(22,'ESPUMA DE MANUBRIO COLORES',NULL,'',NULL,1,6000,3000,13,6,0,'0000500',11,NULL,NULL,1,NULL,'2022-08-07 01:28:31','2022-08-07 01:28:51'),(23,'DIRECCIONAL PULSAR 135',NULL,'',NULL,1,11000,6800,11,6,0,'0000102',11,62,NULL,1,NULL,'2022-08-07 01:28:31','2022-08-07 01:28:51'),(24,'DIRECCIONAL DT 125 AMARILLO',NULL,'',NULL,1,10000,5500,9,6,0,'0000103',11,62,NULL,1,NULL,'2022-08-07 01:28:31','2022-08-07 01:28:51'),(25,'DIRECCIONAL BOXER CT AMA',NULL,'',NULL,1,90000,6000,4,6,0,'0000104',11,62,NULL,1,NULL,'2022-08-07 01:28:31','2022-08-07 01:28:51'),(26,'DIRECCIONAL RX 115 CROMO AMA',NULL,'',NULL,1,10000,6000,8,6,0,'0000106',11,62,NULL,1,NULL,'2022-08-07 01:28:31','2022-08-07 01:28:51'),(27,'DIRECIONAL AKT TESTIGO',NULL,'',NULL,1,10000,7200,4,6,0,'0000107',11,62,NULL,1,NULL,'2022-08-07 01:28:31','2022-08-07 01:28:51'),(28,'DIRECCIONAL PULSAR 180 BLANCO',NULL,'',NULL,1,11000,7000,4,6,0,'0000108',11,62,NULL,1,NULL,'2022-08-07 01:28:31','2022-08-07 01:28:51'),(29,'DIRECCIONAL PULSAR NS 200',NULL,'',NULL,1,12000,6800,4,6,0,'0000109',11,62,NULL,1,NULL,'2022-08-07 01:28:31','2022-08-07 01:28:51'),(30,'DIRECCIONAL MEDIANO AX 100 AMARILLO',NULL,'',NULL,1,8000,5000,4,6,0,'0000110',11,62,NULL,1,NULL,'2022-08-07 01:28:31','2022-08-07 01:28:51'),(31,'DIRECCIONAL WAVE 110',NULL,'',NULL,1,12000,7000,4,6,0,'0000111',11,62,NULL,1,NULL,'2022-08-07 01:28:31','2022-08-07 01:28:51'),(32,'DIRECCIONAL AKT EVO NE',NULL,'',NULL,1,10000,7000,6,6,0,'0000112',11,62,NULL,1,NULL,'2022-08-07 01:28:31','2022-08-07 01:28:51'),(33,'DIRECCIONAL RX 100 CROMADO',NULL,'',NULL,1,11000,5700,14,6,0,'0000113',11,62,NULL,1,NULL,'2022-08-07 01:28:31','2022-08-07 01:28:51'),(34,'DIRECCIONAL FZ 16-XTZ 125 AMARILLO',NULL,'',NULL,1,10000,6000,12,6,0,'0000114',11,62,NULL,1,NULL,'2022-08-07 01:28:31','2022-08-07 01:28:51'),(35,'FAROLA AX 100',NULL,'',NULL,1,44000,22000,4,2,0,'0000200',11,64,NULL,1,NULL,'2022-08-07 01:28:31','2022-08-07 01:28:51'),(36,'FAROLA V80',NULL,'',NULL,1,38000,25000,1,0,0,'0000201',11,64,NULL,1,NULL,'2022-08-07 01:28:31','2022-08-07 01:28:51'),(37,'STOP COMPLETO DT 125 ',NULL,'',NULL,1,15000,10000,2,1,0,'0000250',11,64,NULL,1,NULL,'2022-08-07 01:28:31','2022-08-07 01:28:51'),(38,'DIRECCIONAL V80 TRAS',NULL,'',NULL,1,14000,9800,4,4,0,'0000118',11,62,NULL,1,NULL,'2022-08-07 01:28:31','2022-08-07 01:28:51'),(39,'DIRECCIONAL ECO DELUX DERECHO AMARILLO',NULL,'',NULL,1,11000,7000,14,6,0,'000019',11,62,NULL,1,NULL,'2022-08-07 01:28:31','2022-08-07 01:28:51'),(40,'DIRECCIONAL ECO DELUX IZQUIERDO AMARILLO',NULL,'',NULL,1,11000,7000,10,6,0,'0000220',11,62,NULL,1,NULL,'2022-08-07 01:28:31','2022-08-07 01:28:51'),(41,'DIRECCIONAL DREN NEO 110 ',NULL,'',NULL,1,11000,7000,6,2,0,'0000116',11,62,NULL,1,NULL,'2022-08-07 01:28:31','2022-08-07 01:28:51'),(42,'DIRECCIONAL XTZ 150 BLANCO',NULL,'',NULL,1,11000,7000,6,2,0,'0000117',11,62,NULL,1,NULL,'2022-08-07 01:28:31','2022-08-07 01:28:51'),(43,'DIRECCIONAL NKD 125 HUMO',NULL,'',NULL,1,12000,7000,8,4,0,'0000115',11,62,NULL,1,NULL,'2022-08-07 01:28:31','2022-08-07 01:28:51'),(44,'DIRECCIONAL PULSAR 180 JAPAN',NULL,'',NULL,1,10000,5600,8,4,0,'0000121',11,62,NULL,1,NULL,'2022-08-07 01:28:31','2022-08-07 01:28:51'),(45,'SWICHE BOXER CT JAPAN',NULL,'',NULL,1,27000,18000,2,1,0,'0000300',11,65,NULL,1,NULL,'2022-08-07 01:28:31','2022-08-07 01:28:51'),(46,'SWICHE AX 100',NULL,'',NULL,1,22000,12000,3,2,0,'0000301',11,65,NULL,1,NULL,'2022-08-07 01:28:31','2022-08-07 01:28:51'),(47,'CALAPIE TRASERO FZ 16 X2',NULL,'',NULL,1,18000,23333,4,2,0,'0000501',11,67,NULL,1,NULL,'2022-08-07 01:28:31','2022-08-07 01:28:51'),(48,'TACOMETRO AX 100',NULL,'',NULL,1,54000,36000,3,1,0,'0000202',11,64,NULL,1,NULL,'2022-08-07 01:28:31','2022-08-07 01:28:51'),(49,'MANILAR DE LUJP ECONOMICO',NULL,'',NULL,1,14000,8500,5,5,0,'0000502',11,67,NULL,1,NULL,'2022-08-07 01:28:31','2022-08-07 01:28:51'),(50,'ESDPEJO ECO DELUX-WAVE ',NULL,'',NULL,1,16000,9000,17,6,0,'0000600',11,62,NULL,1,NULL,'2022-08-07 01:28:31','2022-08-07 01:28:51'),(51,'ESPEJO CRYPTON 115 FI - XTZ 150',NULL,'',NULL,1,22000,120000,3,2,0,'0000601',11,68,NULL,1,NULL,'2022-08-07 01:28:31','2022-08-07 01:28:51'),(52,'ESPEJO XTZ 125 - LIBERO',NULL,'',NULL,1,22000,12000,3,3,0,'0000602',11,68,NULL,1,NULL,'2022-08-07 01:28:31','2022-08-07 01:28:51'),(53,'ESPEJO NS 200 MIRROR',NULL,'',NULL,1,22000,13000,4,3,0,'0000603',11,68,NULL,1,NULL,'2022-08-07 01:28:31','2022-08-07 01:28:51'),(54,'ESPEJO PULSAR 135 MARCA FAMA',NULL,'',NULL,1,21000,13000,4,3,0,'0000604',11,68,NULL,1,NULL,'2022-08-07 01:28:31','2022-08-07 01:28:51'),(55,'ESPEJO AKT 125',NULL,'',NULL,1,16000,9000,7,6,0,'0000605',11,68,NULL,1,NULL,'2022-08-07 01:28:31','2022-08-07 01:28:51'),(56,'ESTOP ECO DELUX ',NULL,'MARCA JHOUR',NULL,1,10000,5000,1,1,0,'0000251',11,68,NULL,1,NULL,'2022-08-07 01:28:31','2022-08-07 01:28:51'),(57,'COCA ESTOP ECO DELUX ROJA ',NULL,'MARCA JHOUR',NULL,1,13000,8000,4,2,0,'0000252',11,64,NULL,1,NULL,'2022-08-07 01:28:31','2022-08-07 01:28:51'),(58,'COCA STOP PLATINO 100 ROJA',NULL,'',NULL,1,12000,5000,2,1,0,'0000253',11,64,NULL,1,NULL,'2022-08-07 01:28:31','2022-08-07 01:28:51'),(59,'FUELLE TELESCOPIO CORTO MARCA JHOUR',NULL,'',NULL,1,16000,11000,4,1,0,'0000401',11,69,NULL,1,NULL,'2022-08-07 01:28:31','2022-08-07 01:28:51'),(60,'FUELLE TELESCOPIO CORTO OJO PEQUEÑO',NULL,'',NULL,1,16000,11000,3,1,0,'0000402',11,69,NULL,1,NULL,'2022-08-07 01:28:31','2022-08-07 01:28:51'),(61,'FUELLE TELESCOPIO LARGO UNIVERSAL',NULL,'',NULL,1,17000,11000,2,1,0,'0000403',11,69,NULL,1,NULL,'2022-08-07 01:28:31','2022-08-07 01:28:51'),(62,'FUELLE LARGO BROSS',NULL,'',NULL,1,18000,8000,1,1,0,'0000404',11,69,NULL,1,NULL,'2022-08-07 01:28:31','2022-08-07 01:28:51'),(63,'Producto prueba 1',NULL,'',NULL,1,25000,14000,8,4,0,'',10,NULL,NULL,1,NULL,'2022-08-07 01:28:31','2022-08-07 01:28:51'),(64,'Producto prueba',NULL,'',NULL,1,12000,5500,9,5,0,'',10,NULL,NULL,1,NULL,'2022-08-07 01:28:31','2022-08-07 01:28:51'),(65,'Producto prueba 3',NULL,'',NULL,1,15000,12000,8,8,0,'',10,NULL,NULL,1,NULL,'2022-08-07 01:28:31','2022-08-07 01:28:51'),(66,'Producto prueba 4',NULL,'',NULL,1,15000,12000,5,0,0,'1234',10,NULL,NULL,1,NULL,'2022-08-07 01:28:31','2022-08-07 01:28:51'),(67,'ESPEJO DR 15O HIERRO',NULL,'MARCA JHD',NULL,1,26000,18000,7,3,0,'0000606',11,68,NULL,1,NULL,'2022-08-07 01:28:31','2022-08-07 01:28:51'),(68,'ESPEJO BOXER CT MODELO NUEVO',NULL,'JHD',NULL,1,21000,14000,1,3,0,'0000607',11,62,NULL,1,NULL,'2022-08-07 01:28:31','2022-08-07 01:28:51'),(69,'DIRECCIONAL SPLENDOR-HERO ECO DELUX HUMO',NULL,'JHD',NULL,1,12000,8000,6,4,0,'0000608',11,62,NULL,1,NULL,'2022-08-07 01:28:31','2022-08-07 01:28:51'),(70,'MANILAR HONDA TIPO ORIGINAL',NULL,'JHOUR',NULL,1,10000,5300,3,3,0,'',11,67,NULL,1,NULL,'2022-08-07 01:28:31','2022-08-07 01:28:51'),(71,'MANILAR SUZUKI TIPO ORIGINALJHOUR',NULL,'',NULL,1,10000,5300,2,0,0,'',11,67,NULL,1,NULL,'2022-08-07 01:28:31','2022-08-07 01:28:51'),(72,'MANILAR GRAFILADO NEGRO ',NULL,'JHOUR',NULL,1,10000,5300,4,0,0,'',11,67,NULL,1,NULL,'2022-08-07 01:28:31','2022-08-07 01:28:51'),(73,'TENSOR DE CADENA CUADRADO',NULL,'JHOUR',NULL,1,24000,16000,2,0,0,'',11,67,NULL,1,NULL,'2022-08-07 01:28:31','2022-08-07 01:28:51'),(74,'TOMCAN TC 30 LITROS',NULL,'',NULL,1,105000,70000,2,1,0,'',11,67,NULL,1,NULL,'2022-08-07 01:28:31','2022-08-07 01:28:51'),(75,'SILLIN COMPLETO AX 100-115',NULL,'',NULL,1,100000,75000,1,1,0,'',11,67,NULL,1,NULL,'2022-08-07 01:28:31','2022-08-07 01:28:51'),(76,'SILLIN RX 115 ',NULL,'',NULL,1,98000,70000,1,1,0,'',11,67,NULL,1,NULL,'2022-08-07 01:28:31','2022-08-07 01:28:51'),(77,'SILLIN COMPLETO BOXER CT 100',NULL,'',NULL,1,98000,70000,1,1,0,'',11,67,NULL,1,NULL,'2022-08-07 01:28:31','2022-08-07 01:28:51'),(78,'SILLIN COMPLETO DT 125-175',NULL,'',NULL,1,135000,95000,1,0,0,'',11,67,NULL,1,NULL,'2022-08-07 01:28:31','2022-08-07 01:28:51'),(79,'SILLIN COMPLETO ECO DELUX',NULL,'',NULL,1,100000,70000,1,1,0,'',11,67,NULL,1,NULL,'2022-08-07 01:28:31','2022-08-07 01:28:51'),(80,'BASE Y MANIGETA UNIVERSAL',NULL,'',NULL,1,20000,12000,6,3,0,'',11,67,NULL,1,NULL,'2022-08-07 01:28:31','2022-08-07 01:28:51'),(81,'DIRECCION BOXER CROMADA',NULL,'',NULL,1,30000,20000,1,1,0,'',11,67,NULL,1,NULL,'2022-08-07 01:28:31','2022-08-07 01:28:51'),(82,'DIRECCION DT 125 NEGRA',NULL,'',NULL,1,280000,19000,2,1,0,'',11,67,NULL,1,NULL,'2022-08-07 01:28:31','2022-08-07 01:28:51'),(83,'DIRECCION BOXER CT NEGRA',NULL,'',NULL,1,28000,19000,1,1,0,'',11,67,NULL,1,NULL,'2022-08-07 01:28:31','2022-08-07 01:28:51'),(84,'DIRECCION NKD NEGRA',NULL,'',NULL,1,31000,21000,1,1,0,'',11,67,NULL,1,NULL,'2022-08-07 01:28:31','2022-08-07 01:28:51'),(85,'DIRECCION XR 150 NEGRA',NULL,'',NULL,1,28000,19000,3,1,0,'',11,67,NULL,1,NULL,'2022-08-07 01:28:31','2022-08-07 01:28:51'),(86,'GUARDABARRO DELANTERO DISCOVER 135 NEGRO',NULL,'',NULL,1,24000,16000,3,1,0,'',11,67,NULL,1,NULL,'2022-08-07 01:28:31','2022-08-07 01:28:51'),(87,'GUARDABARRO NKD NEGRO',NULL,'',NULL,1,24000,16000,3,2,0,'',11,NULL,NULL,1,NULL,'2022-08-07 01:28:31','2022-08-07 01:28:51'),(88,'GUARDABARRO DELANTERO DT 125 BLANCO',NULL,'',NULL,1,24000,16000,3,1,0,'',11,NULL,NULL,1,NULL,'2022-08-07 01:28:31','2022-08-07 01:28:51'),(89,'GUARDABARRO DT 125 BLANCO',NULL,'',NULL,1,22000,13000,2,1,0,'',11,NULL,NULL,1,NULL,'2022-08-07 01:28:31','2022-08-07 01:28:51'),(90,'GUARDABARRO DT 125 AZUL',NULL,'',NULL,1,22000,13000,2,1,0,'',11,NULL,NULL,1,NULL,'2022-08-07 01:28:31','2022-08-07 01:28:51'),(91,'GUARDABARRO TTR 125-180GRIS',NULL,'',NULL,1,32000,21000,2,1,0,'',11,NULL,NULL,1,NULL,'2022-08-07 01:28:31','2022-08-07 01:28:51'),(92,'GUARDABARRO TTR 125-180 NEGRO',NULL,'',NULL,1,32000,21000,2,1,0,'',11,NULL,NULL,1,NULL,'2022-08-07 01:28:31','2022-08-07 01:28:51'),(93,'GUARDABARRO BOXER CT NEGRO',NULL,'',NULL,1,20000,10000,5,2,0,'',11,NULL,NULL,1,NULL,'2022-08-07 01:28:31','2022-08-07 01:28:51'),(94,'ESPUMA SILLIN AX 100-115',NULL,'',NULL,1,55000,343000,2,1,0,'',11,NULL,NULL,1,NULL,'2022-08-07 01:28:31','2022-08-07 01:28:51'),(95,'ESPUMA SILLIN DT 125-175',NULL,'',NULL,1,60000,34000,1,1,0,'',11,NULL,NULL,1,NULL,'2022-08-07 01:28:31','2022-08-07 01:28:51'),(96,'ESPUMA SILLIN XTZ 125',NULL,'',NULL,1,60000,34000,1,1,0,'',11,NULL,NULL,1,NULL,'2022-08-07 01:28:31','2022-08-07 01:28:51'),(97,'ESPUMA SILLIN DISCOVER 125 ST',NULL,'',NULL,1,50000,30000,1,1,0,'',11,NULL,NULL,1,NULL,'2022-08-07 01:28:31','2022-08-07 01:28:51'),(98,'ESPUMA SILLIN DISCOVER 100-125-135 SPOR',NULL,'',NULL,1,55000,34000,1,1,0,'',11,NULL,NULL,1,NULL,'2022-08-07 01:28:31','2022-08-07 01:28:51'),(99,'ESPUMA CB 110',NULL,'',NULL,1,55000,29000,0,1,0,'',11,NULL,NULL,1,NULL,'2022-08-07 01:28:31','2022-08-07 01:28:51'),(100,'ESPUMA PULSAR 135 JUEGO',NULL,'',NULL,1,70000,45000,1,1,0,'',11,NULL,NULL,1,NULL,'2022-08-07 01:28:31','2022-08-07 01:28:51'),(101,'DEFENSA PULSAR 180',NULL,'',NULL,1,65000,40000,1,0,0,'',11,NULL,NULL,1,NULL,'2022-08-07 01:28:31','2022-08-07 01:28:51'),(102,'ESPUMA AKT FLEX 125',NULL,'',NULL,1,50000,29000,1,0,0,'',11,NULL,NULL,1,NULL,'2022-08-07 01:28:31','2022-08-07 01:28:51'),(103,'DEFENSA AX-NKD NEGRA',NULL,'',NULL,1,65000,40000,2,0,0,'',11,NULL,NULL,1,NULL,'2022-08-07 01:28:31','2022-08-07 01:28:51'),(104,'DEFENSA AX-NKD CROMADA',NULL,'',NULL,1,0,0,1,0,0,'',11,NULL,NULL,1,NULL,'2022-08-07 01:28:31','2022-08-07 01:28:51'),(105,'DEFENSA CB 125F-160F-AKT CR4',NULL,'',NULL,1,95000,70000,2,0,0,'',11,NULL,NULL,1,NULL,'2022-08-07 01:28:31','2022-08-07 01:28:51'),(106,'DEFENSA MRX CON EMBLEMA',NULL,'',NULL,1,110000,75000,1,0,0,'',11,NULL,NULL,1,NULL,'2022-08-07 01:28:31','2022-08-07 01:28:51'),(107,'Producto Jorge',NULL,'',NULL,1,15000,8500,20,5,0,'1001011',10,NULL,NULL,1,NULL,'2022-08-07 01:28:31','2022-08-07 01:28:51'),(108,'Jaggermaister',NULL,'',NULL,1,1800000,120000,6,2,0,'1101011123',10,NULL,NULL,1,'1658939059618_img_test.png','2022-08-07 01:28:31','2022-08-07 01:28:51'),(109,'Stella Artois 269ml lata',NULL,'',NULL,1,3500,0,10,0,0,'712983123721',10,NULL,NULL,1,NULL,'2022-08-07 01:28:31','2022-08-07 01:28:51'),(110,'Stella Artois 269ml lata',NULL,'',NULL,1,3500,0,0,30,0,'7702004010254',10,NULL,NULL,1,NULL,'2022-08-07 01:28:31','2022-08-07 01:28:51'),(111,'Stella Artois 269ml lata',NULL,'',NULL,1,3500,0,0,30,0,'7702004010254',17,71,NULL,1,'1658940642512_descarga.jfif','2022-08-07 01:28:31','2022-08-07 01:28:51'),(112,'Jagermeister 350ml',NULL,'',NULL,1,68000,46600,3,1,0,'4067700017253',17,72,NULL,1,NULL,'2022-08-07 01:28:31','2022-08-07 01:28:51'),(113,'Jagermeister 350 ml CoolPack',NULL,'',NULL,1,68000,46600,1,1,0,'4067700021717',17,72,NULL,1,NULL,'2022-08-07 01:28:31','2022-08-07 01:28:51'),(114,'Jagermeister 750ml',NULL,'',NULL,1,112000,79500,2,1,0,'4067700015419',17,72,NULL,1,NULL,'2022-08-07 01:28:31','2022-08-07 01:28:51'),(115,'Jagermeister 750ml',NULL,'',NULL,1,112000,79500,2,1,0,'4067700015419',17,72,NULL,1,NULL,'2022-08-07 01:28:31','2022-08-07 01:28:51'),(116,'Ginebra Bombay Sapphire 500ml',NULL,'',NULL,1,90000,0,1,1,0,'5010677713009',17,72,NULL,1,NULL,'2022-08-07 01:28:31','2022-08-07 01:28:51'),(117,'Ginebra Bombay Sapphire 700ml',NULL,'',NULL,1,120000,89250,1,1,0,'5010677714006',17,72,NULL,1,NULL,'2022-08-07 01:28:31','2022-08-07 01:28:51'),(118,'Whisky Something Special 750ml',NULL,'',NULL,1,60000,0,1,1,0,'080432402795',17,72,NULL,1,NULL,'2022-08-07 01:28:31','2022-08-07 01:28:51'),(119,'Whisky Something Special 750ml',NULL,'',NULL,1,60000,0,1,1,0,'080432402795',17,72,NULL,1,NULL,'2022-08-07 01:28:31','2022-08-07 01:28:51'),(120,'Whiskey Jack Daniels 750ml',NULL,'',NULL,1,140000,99000,1,1,0,'082184090466',17,72,NULL,1,NULL,'2022-08-07 01:28:31','2022-08-07 01:28:51'),(121,'Whiskey Jack Daniels Fire 750ml',NULL,'',NULL,1,140000,99000,1,1,0,'082184001172',17,72,NULL,1,NULL,'2022-08-07 01:28:31','2022-08-07 01:28:51'),(122,'Whiskey Jack Daniels Honey 750ml',NULL,'',NULL,1,140000,99000,1,1,0,'082184000335',17,72,NULL,1,NULL,'2022-08-07 01:28:31','2022-08-07 01:28:51'),(123,'Whisky Chivas Regal 12 700ml',NULL,'',NULL,1,140000,100000,1,1,0,'080432402931',17,72,NULL,1,NULL,'2022-08-07 01:28:31','2022-08-07 01:28:51'),(124,'Whiskey Jameson 700ml',NULL,'',NULL,1,0,0,1,1,0,'5011007003005',17,72,NULL,1,NULL,'2022-08-07 01:28:31','2022-08-07 01:28:51'),(125,'Whiskey Jameson 350ml',NULL,'',NULL,1,55000,0,1,1,0,'5011007003654',17,72,NULL,1,NULL,'2022-08-07 01:28:31','2022-08-07 01:28:51'),(126,'Whisky Johnnie Walker Red Label 700ml',NULL,'',NULL,1,60000,0,2,1,0,'5000267014203',17,72,NULL,1,NULL,'2022-08-07 01:28:31','2022-08-07 01:28:51'),(127,'Whisky Johnnie Walker Black Label',NULL,'',NULL,1,150000,110000,1,1,0,'5000267024233',17,72,NULL,1,NULL,'2022-08-07 01:28:31','2022-08-07 01:28:51'),(128,'Aguardiente Caucano Tradicional 375ml',NULL,'',NULL,1,20000,0,0,0,0,'7707107800030',17,72,NULL,1,NULL,'2022-08-07 01:28:31','2022-08-07 01:28:51'),(129,'Smirnoff Vodka 700ml',NULL,'',NULL,1,90000,0,1,1,0,'5410316942775',17,72,NULL,1,NULL,'2022-08-07 01:28:31','2022-08-07 01:28:51'),(130,'Whisky Haig Club 700ml',NULL,'',NULL,1,80000,80000,2,1,0,'5000281051116',17,72,NULL,1,NULL,'2022-08-07 01:28:31','2022-08-07 01:28:51'),(131,'Whisky The Singleton 700ml',NULL,'',NULL,1,180000,0,1,1,0,'5000281021621',17,72,NULL,1,NULL,'2022-08-07 01:28:31','2022-08-07 01:28:51'),(132,'Ron Havana Club Añejo 3 Años',NULL,'',NULL,1,63000,0,1,1,0,'8501110080231',17,72,NULL,1,NULL,'2022-08-07 01:28:31','2022-08-07 01:28:51'),(133,'Ron Havana Club Añejo 3 Años',NULL,'',NULL,1,63000,0,1,1,0,'8501110080231',17,72,NULL,1,NULL,'2022-08-07 01:28:31','2022-08-07 01:28:51'),(134,'Ron Zacapa Ambar 12 750ml',NULL,'',NULL,1,140000,100000,1,1,0,'7401005010583',17,72,NULL,1,NULL,'2022-08-07 01:28:31','2022-08-07 01:28:51'),(135,'Coca Ron 375ml',NULL,'',NULL,1,30000,0,1,1,0,'',17,72,NULL,1,NULL,'2022-08-07 01:28:31','2022-08-07 01:28:51'),(136,'Cremaa de Whiky Baileys 700ml',NULL,'',NULL,1,80000,0,1,1,0,'5011013100156',17,72,NULL,1,NULL,'2022-08-07 01:28:31','2022-08-07 01:28:51'),(137,'Ron Extra Añejo La Hechicera 700ml',NULL,'',NULL,1,170000,0,2,1,0,'7707180703006',17,72,NULL,1,NULL,'2022-08-07 01:28:31','2022-08-07 01:28:51'),(138,'Vodka Finlandia 750ml',NULL,'',NULL,1,70000,0,2,1,0,'6412709021301',17,72,NULL,1,NULL,'2022-08-07 01:28:31','2022-08-07 01:28:51'),(139,'Bacardí Ron Limón 375ml',NULL,'',NULL,1,30000,0,2,1,0,'080480355609',17,72,NULL,1,NULL,'2022-08-07 01:28:31','2022-08-07 01:28:51'),(140,'Bacardí Ron Carta Blanca 375ml',NULL,'',NULL,1,30000,0,1,1,0,'7501708613378',17,72,NULL,1,NULL,'2022-08-07 01:28:31','2022-08-07 01:28:51'),(141,'Bacardí Hurricane 750ml',NULL,'',NULL,1,60000,0,3,1,0,'080480985509',17,72,NULL,1,NULL,'2022-08-07 01:28:31','2022-08-07 01:28:51'),(142,'Bacardí Ron Añejo 750ml',NULL,'',NULL,1,50000,34390,6,2,0,'7501008611135',17,NULL,NULL,1,NULL,'2022-08-07 01:28:31','2022-08-07 01:28:51'),(143,'Bacardí Mandarina 750ml',NULL,'',NULL,1,60000,42800,2,1,0,'7610113011898',17,72,NULL,1,NULL,'2022-08-07 01:28:31','2022-08-07 01:28:51'),(144,'Bacardí Ron Limón 750ml',NULL,'',NULL,1,60000,36350,4,1,0,'7501008616130',17,NULL,NULL,1,NULL,'2022-08-07 01:28:31','2022-08-07 01:28:51'),(145,'Bacardí Island Tea 750ml',NULL,'',NULL,1,60000,0,1,1,0,'080480985516',17,72,NULL,1,NULL,'2022-08-07 01:28:31','2022-08-07 01:28:51'),(146,'Bacardí Mojito 750ml',NULL,'',NULL,1,60000,0,1,1,0,'080480985462',17,72,NULL,1,NULL,'2022-08-07 01:28:31','2022-08-07 01:28:51'),(147,'Absolut Vodka Raspberri 700ml',NULL,'',NULL,1,99000,0,1,0,0,'7312040040704',17,72,NULL,1,NULL,'2022-08-07 01:28:31','2022-08-07 01:28:51'),(148,'Absolut Vodka Mandarina 700ml',NULL,'',NULL,1,99000,0,1,0,0,'7312040050703',17,72,NULL,1,NULL,'2022-08-07 01:28:31','2022-08-07 01:28:51'),(149,'Absolut Vodka 350ml',NULL,'',NULL,1,58000,0,1,0,0,'7312040017355',17,72,NULL,1,NULL,'2022-08-07 01:28:31','2022-08-07 01:28:51'),(150,'Absolut Vodka 700ml',NULL,'',NULL,1,95000,0,1,0,0,'7312040017683',17,72,NULL,1,NULL,'2022-08-07 01:28:31','2022-08-07 01:28:51'),(151,'Absolut Vokda 1000ml',NULL,'',NULL,1,120000,0,1,0,0,'7312040017034',17,72,NULL,1,NULL,'2022-08-07 01:28:31','2022-08-07 01:28:51'),(152,'Ginebra Tanqueray 375ml ',NULL,'',NULL,1,77000,0,1,0,0,'5000291023448',17,72,NULL,1,NULL,'2022-08-07 01:28:31','2022-08-07 01:28:51'),(153,'Ginebra Beefeater 350ml',NULL,'',NULL,1,60000,0,1,0,0,'5000329006054',17,72,NULL,1,NULL,'2022-08-07 01:28:31','2022-08-07 01:28:51'),(154,'Ginebra Gordons 700ml',NULL,'',NULL,1,80000,0,1,0,0,'5000289925440',17,72,NULL,1,NULL,'2022-08-07 01:28:31','2022-08-07 01:28:51'),(155,'Ginebra Bulldog 750ml',NULL,'',NULL,1,155000,0,1,0,0,'897076002003',17,72,NULL,1,NULL,'2022-08-07 01:28:31','2022-08-07 01:28:51'),(156,'Ginebra Hendricks 350ml',NULL,'',NULL,1,140000,0,1,0,0,'5010327717029',17,72,NULL,1,NULL,'2022-08-07 01:28:31','2022-08-07 01:28:51'),(157,'Tequila Omeca Reposado 700ml',NULL,'',NULL,1,95000,0,4,1,0,'080432108703',17,72,NULL,1,NULL,'2022-08-07 01:28:31','2022-08-07 01:28:51'),(158,'Tequila Olmeca Blanco 350ml',NULL,'',NULL,1,55000,0,1,0,0,'080432402177',17,72,NULL,1,NULL,'2022-08-07 01:28:31','2022-08-07 01:28:51'),(159,'Tequila Olmeca Silver 700ml',NULL,'',NULL,1,105000,0,1,0,0,'080432402191',17,72,NULL,1,NULL,'2022-08-07 01:28:31','2022-08-07 01:28:51'),(160,'Tequila Jose Cuervo Blanco 750ml',NULL,'',NULL,1,105000,74500,1,0,0,'7501035042322',17,72,NULL,1,NULL,'2022-08-07 01:28:31','2022-08-07 01:28:51'),(161,'Tequila Jose Cuervo Reposado 990ml',NULL,'',NULL,1,120000,87900,2,1,0,'7501035010550',17,72,NULL,1,NULL,'2022-08-07 01:28:31','2022-08-07 01:28:51'),(162,'Tequila Jose Cuervo Reposado 750ml',NULL,'',NULL,1,105000,74500,1,0,0,'7501035010109',17,72,NULL,1,NULL,'2022-08-07 01:28:31','2022-08-07 01:28:51'),(163,'Tequila Jose Cuervo Reposado 375ml',NULL,'',NULL,1,55000,41500,2,0,0,'7501035010284',17,72,NULL,1,NULL,'2022-08-07 01:28:31','2022-08-07 01:28:51'),(164,'Aguardiente Caucano Tradicional 750ml',NULL,'',NULL,1,35000,0,2,5,0,'7707107800023',17,72,NULL,1,NULL,'2022-08-07 01:28:31','2022-08-07 01:28:51'),(165,'Whisky Gaelik 700ml',NULL,'',NULL,1,43000,0,1,0,0,'1026002033449',17,72,NULL,1,NULL,'2022-08-07 01:28:31','2022-08-07 01:28:51'),(166,'Tequila Milagro Reposado 750ml',NULL,'',NULL,1,250000,220000,1,0,0,'5010327404059',17,72,NULL,1,NULL,'2022-08-07 01:28:31','2022-08-07 01:28:51'),(167,'Tequila Jose Cuervo Tradicional 750ml',NULL,'',NULL,1,150000,105600,1,0,0,'811538011372',17,72,NULL,1,NULL,'2022-08-07 01:28:31','2022-08-07 01:28:51'),(168,'Tequila Reposado Cazadores 700ml',NULL,'',NULL,1,100000,69000,1,0,0,'7640175660307',17,72,NULL,1,NULL,'2022-08-07 01:28:31','2022-08-07 01:28:51'),(169,'Tequila Reposado Cazadores 950ml',NULL,'',NULL,1,130000,92800,1,0,0,'7640175660055',17,72,NULL,1,NULL,'2022-08-07 01:28:31','2022-08-07 01:28:51'),(170,'Tequila El Jimador Cristalino 700ml',NULL,'',NULL,1,115000,82150,2,0,0,'744607006972',17,72,NULL,1,NULL,'2022-08-07 01:28:31','2022-08-07 01:28:51'),(171,'Tequila Somonque 1000ml',NULL,'',NULL,1,100000,71000,2,0,0,'7502219450247',17,72,NULL,1,NULL,'2022-08-07 01:28:31','2022-08-07 01:28:51'),(172,'Vino Gato Negro Cabernet Suavignon 187,5ml',NULL,'',NULL,1,16000,11500,2,0,0,'7804300010768',17,73,NULL,1,NULL,'2022-08-07 01:28:31','2022-08-07 01:28:51'),(173,'Vino Gato Negro Suavignon Blanc 187,5ml',NULL,'',NULL,1,16000,11500,2,0,0,'7804300010775',17,73,NULL,1,NULL,'2022-08-07 01:28:31','2022-08-07 01:28:51'),(174,'Vino ',NULL,'',NULL,1,16000,11500,2,0,0,'',17,73,NULL,1,NULL,'2022-08-07 01:28:31','2022-08-07 01:28:51'),(175,'Vino Casillero del Diablo Cabernet Suavignon 375ml',NULL,'',NULL,1,37000,26100,1,0,0,'7804320656243',17,73,NULL,1,NULL,'2022-08-07 01:28:31','2022-08-07 01:28:51'),(176,'Vino Casillero del Diablo Suavignon Blanc 375ml',NULL,'',NULL,1,27000,0,1,0,0,'7804320655246',17,73,NULL,1,NULL,'2022-08-07 01:28:31','2022-08-07 01:28:51'),(177,'Vino Gato Negro Suavignon Blanc 375ml',NULL,'',NULL,1,27000,18900,1,0,0,'7804300010669',17,73,NULL,1,NULL,'2022-08-07 01:28:31','2022-08-07 01:28:51'),(178,'Vino Gato Negro Cabernet Suavignon 750ml',NULL,'',NULL,1,50000,34800,1,0,0,'7804300010638',17,73,NULL,1,NULL,'2022-08-07 01:28:31','2022-08-07 01:28:51'),(179,'Vino Sangre de Toro 750ml',NULL,'',NULL,1,65000,46000,1,0,0,'8410113003027',17,73,NULL,1,NULL,'2022-08-07 01:28:31','2022-08-07 01:28:51'),(180,'Vino Gato Negro Merlot 750ml',NULL,'',NULL,1,50000,35000,1,0,0,'7804300120603',17,73,NULL,1,NULL,'2022-08-07 01:28:31','2022-08-07 01:28:51'),(181,'Vino Casillero del Diablo Cabernet Suavignon 750ml',NULL,'',NULL,1,60000,46200,1,0,0,'7804320303178',17,73,NULL,1,NULL,'2022-08-07 01:28:31','2022-08-07 01:28:51'),(182,'Vino Frontera Carmenere 750ml',NULL,'',NULL,1,40000,29500,1,0,0,'7804320135854',17,73,NULL,1,NULL,'2022-08-07 01:28:31','2022-08-07 01:28:51'),(183,'Vino Quinta Las Cabras Carmenere 750ml',NULL,'',NULL,1,20000,14990,1,0,0,'7802821006840',17,73,NULL,1,NULL,'2022-08-07 01:28:31','2022-08-07 01:28:51'),(184,'Stortebeker Bernstein Weizen 500ml',NULL,'',NULL,1,12000,7990,2,0,0,'4014807202044',17,71,NULL,1,NULL,'2022-08-07 01:28:31','2022-08-07 01:28:51'),(185,'Stortebeker Hanse Porter 500ml',NULL,'',NULL,1,20000,13990,2,0,0,'4014807002651',17,71,NULL,1,NULL,'2022-08-07 01:28:31','2022-08-07 01:28:51'),(186,'Baltika 7 470ml',NULL,'',NULL,1,12000,8000,1,0,0,'4600682407478',17,71,NULL,1,NULL,'2022-08-07 01:28:31','2022-08-07 01:28:51'),(187,'Vino Quinta Las Cabras Suavignon Blanc 750ml',NULL,'',NULL,1,20000,14990,2,0,0,'7802821000817',17,73,NULL,1,NULL,'2022-08-07 01:28:31','2022-08-07 01:28:51'),(188,'Vino Quinta Las Cabras Rosé 750ml',NULL,'',NULL,1,20000,14990,2,0,0,'7802821009063',17,73,NULL,1,NULL,'2022-08-07 01:28:31','2022-08-07 01:28:51'),(189,'Vino Espumoso Sire de Beaupré 750ml',NULL,'',NULL,1,25000,16990,2,0,0,'3245395673362',17,73,NULL,1,NULL,'2022-08-07 01:28:31','2022-08-07 01:28:51'),(190,'Brandy Domecq 750ml',NULL,'',NULL,1,55000,0,2,0,0,'7702450011010',17,72,NULL,1,NULL,'2022-08-07 01:28:31','2022-08-07 01:28:51'),(191,'Whisky Black & White 375ml',NULL,'',NULL,1,33000,24990,1,0,0,'50196166',17,72,NULL,1,NULL,'2022-08-07 01:28:31','2022-08-07 01:28:51'),(192,'Cachaza Jamel 1000ml',NULL,'',NULL,1,52000,0,1,0,0,'7898172660145',17,72,NULL,1,NULL,'2022-08-07 01:28:31','2022-08-07 01:28:51'),(193,'Ron Cartavio 750ml',NULL,'',NULL,1,40000,29950,1,0,0,'7751738338677',17,72,NULL,1,NULL,'2022-08-07 01:28:31','2022-08-07 01:28:51'),(194,'Triple Sec Blue 750ml',NULL,'',NULL,1,0,0,1,0,0,'7702559021330',17,72,NULL,1,NULL,'2022-08-07 01:28:31','2022-08-07 01:28:51'),(195,'Weidmann Lata 500ml',NULL,'',NULL,1,12000,8100,0,0,0,'8718104901599',17,71,NULL,1,NULL,'2022-08-07 01:28:31','2022-08-07 01:28:51'),(196,'Ron Viejo de Caldas Tradicional 375ml',NULL,'',NULL,1,30000,0,0,0,0,'7702168214000',17,72,NULL,1,NULL,'2022-08-07 01:28:31','2022-08-07 01:28:51'),(197,'Ron Viejo de Caldas Tradicional 750ml',NULL,'',NULL,1,60000,0,0,0,0,'7702168217308',17,72,NULL,1,NULL,'2022-08-07 01:28:31','2022-08-07 01:28:51'),(198,'Aguardiente Noble 375ml',NULL,'',NULL,1,0,0,1,0,0,'7702450017159',17,72,NULL,1,NULL,'2022-08-07 01:28:31','2022-08-07 01:28:51'),(199,'Monster Energy Mango Loco 473ml',NULL,'',NULL,1,8000,0,2,0,0,'070847038764',17,74,NULL,1,NULL,'2022-08-07 01:28:31','2022-08-07 01:28:51'),(200,'Monster Energy Ultra Violet 473ml',NULL,'',NULL,1,8000,0,1,0,0,'070847036463',17,74,NULL,1,NULL,'2022-08-07 01:28:31','2022-08-07 01:28:51'),(201,'Monster Energy 473ml',NULL,'',NULL,1,8000,0,1,0,0,'070847004707',17,74,NULL,1,NULL,'2022-08-07 01:28:31','2022-08-07 01:28:51'),(202,'Baltika 9 470ml',NULL,'',NULL,1,12000,8200,0,0,0,'4600682009450',17,71,NULL,1,NULL,'2022-08-07 01:28:31','2022-08-07 01:28:51'),(203,'Monster Energy Zero Azúcar 473ml',NULL,'',NULL,1,8000,0,3,0,0,'070847034322',17,74,NULL,1,NULL,'2022-08-07 01:28:31','2022-08-07 01:28:51'),(204,'Monster Energy Ultra 473ml',NULL,'',NULL,1,8000,0,2,0,0,'070847030805',17,74,NULL,1,NULL,'2022-08-07 01:28:31','2022-08-07 01:28:51'),(205,'Aguila Ligth Lata 330ml',NULL,'',NULL,1,3000,2012,47,0,0,'7702004001955',17,71,NULL,1,NULL,'2022-08-07 01:28:31','2022-08-07 01:28:51'),(206,'Poker Lata 330ml',NULL,'',NULL,1,3000,2091,57,0,0,'7702004007360',17,71,NULL,1,NULL,'2022-08-07 01:28:31','2022-08-07 01:28:51'),(207,'Aguila Original Lata 330ml',NULL,'',NULL,1,3000,2012,54,0,0,'7702004001917',17,71,NULL,1,NULL,'2022-08-07 01:28:31','2022-08-07 01:28:51'),(208,'Baltika 6 Porter 470ml',NULL,'',NULL,1,12000,0,0,0,0,'4600682011477',17,71,NULL,1,NULL,'2022-08-07 01:28:31','2022-08-07 01:28:51'),(209,'Fullers Golden Pride 500ml',NULL,'',NULL,1,18000,0,0,0,0,'5011885008567',17,71,NULL,1,NULL,'2022-08-07 01:28:31','2022-08-07 01:28:51'),(210,'India Pale Ale 500ml',NULL,'',NULL,1,16000,0,0,0,0,'5011885010478',17,71,NULL,1,NULL,'2022-08-07 01:28:31','2022-08-07 01:28:51'),(211,'Michelob Ultra',NULL,'',NULL,1,4500,0,0,0,0,'7702004009876',17,71,NULL,1,NULL,'2022-08-07 01:28:31','2022-08-07 01:28:51'),(212,'Czechvar 330ml',NULL,'',NULL,1,6500,0,0,0,0,'8594403110128',17,71,NULL,1,NULL,'2022-08-07 01:28:31','2022-08-07 01:28:51'),(213,'Mikes Hard Limonade Lata 355ml',NULL,'',NULL,1,7500,0,0,0,0,'7503026724859',17,72,NULL,1,NULL,'2022-08-07 01:28:31','2022-08-07 01:28:51'),(214,'Mikes Hard Strawberry Limonade Lata 355ml',NULL,'',NULL,1,7500,0,0,0,0,'7503026724934',17,NULL,NULL,1,NULL,'2022-08-07 01:28:31','2022-08-07 01:28:51'),(215,'Smirfnoff Vodka Lulo 750ml',NULL,'',NULL,1,55000,33766,5,0,0,'7707096271682',17,72,NULL,1,NULL,'2022-08-07 01:28:31','2022-08-07 01:28:51'),(216,'Tres Cordilleras Negra 330ml',NULL,'',NULL,1,6500,0,0,0,0,'7707361120196',17,71,NULL,1,NULL,'2022-08-07 01:28:31','2022-08-07 01:28:51'),(217,'Smirnoff Ice Blue 275ml',NULL,'',NULL,1,8000,0,0,0,0,'5410316965040',17,72,NULL,1,NULL,'2022-08-07 01:28:31','2022-08-07 01:28:51'),(218,'Smirnoff Ice Original 275ml',NULL,'',NULL,1,8000,0,0,0,0,'5410316983693',17,72,NULL,1,NULL,'2022-08-07 01:28:31','2022-08-07 01:28:51'),(219,'Fourloko Gold Lata 473ml',NULL,'',NULL,1,17000,12000,0,0,0,'849806001756',17,72,NULL,1,NULL,'2022-08-07 01:28:31','2022-08-07 01:28:51'),(220,'Fourloko Sandía Lata 473ml',NULL,'',NULL,1,17000,12000,0,0,0,'849806001206',17,72,NULL,1,NULL,'2022-08-07 01:28:31','2022-08-07 01:28:51'),(221,'Fourloko Ponche de Frutas Lata 473ml',NULL,'',NULL,1,17000,12000,0,0,0,'849806001220',17,72,NULL,1,NULL,'2022-08-07 01:28:31','2022-08-07 01:28:51'),(222,'Club Colombia Doble Malta Lata 330ml',NULL,'',NULL,1,3000,0,0,0,0,'7702004005014',17,71,NULL,1,NULL,'2022-08-07 01:28:31','2022-08-07 01:28:51'),(223,'Club Colombia Dorada Lata 330ml',NULL,'',NULL,1,3000,0,0,0,0,'7702004003508',17,71,NULL,1,NULL,'2022-08-07 01:28:31','2022-08-07 01:28:51'),(224,'Heineken Lata 269ml',NULL,'',NULL,1,3000,0,0,0,0,'7702090052039',17,71,NULL,1,NULL,'2022-08-07 01:28:31','2022-08-07 01:28:51'),(225,'BBC La Cotidiana Lata 330ml',NULL,'',NULL,1,3000,0,0,0,0,'7702004009647',17,71,NULL,1,NULL,'2022-08-07 01:28:31','2022-08-07 01:28:51'),(226,'Corona Extra Lata 269ml',NULL,'',NULL,1,3000,2208,24,0,0,'7702004111043',17,71,NULL,1,NULL,'2022-08-07 01:28:31','2022-08-07 01:28:51'),(227,'Steam Brew Pale Ale Lata 500ml',NULL,'',NULL,1,0,0,0,0,0,'4054500140434',17,71,NULL,1,NULL,'2022-08-07 01:28:31','2022-08-07 01:28:51'),(228,'Cerveza 8.6 Red Lata 500ml',NULL,'',NULL,1,13000,9000,1,0,0,'8714800014182',17,71,NULL,1,NULL,'2022-08-07 01:28:31','2022-08-07 01:28:51'),(229,'Coca Cola con Café Lata 235ml',NULL,'',NULL,1,3000,2200,6,0,0,'7702535023761',17,74,NULL,1,NULL,'2022-08-07 01:28:31','2022-08-07 01:28:51'),(230,'Coca Libre Lata 330ml',NULL,'',NULL,1,8000,0,0,0,0,'737186378363',17,71,NULL,1,NULL,'2022-08-07 01:28:31','2022-08-07 01:28:51'),(231,'Producto prueba leche',NULL,'',NULL,1,4800,2600,200,30,0,'231231112',8,75,NULL,0,NULL,'2022-08-10 03:59:17','2022-08-10 03:59:17'),(232,'MagicMouse',NULL,'',NULL,1,499000,250000,100,0,0,'194252542309',8,NULL,NULL,1,NULL,'2022-08-23 06:24:20','2022-08-23 06:24:20'),(233,'Producto final #1',NULL,'',NULL,1,16000,10000,16,0,0,'5116',8,60,NULL,1,NULL,'2022-08-24 04:07:04','2022-08-24 04:07:04');
/*!40000 ALTER TABLE `PRODUCTS` ENABLE KEYS */;
UNLOCK TABLES;

--
-- Table structure for table `PRODUCTS_CATEGORIES`
--

DROP TABLE IF EXISTS `PRODUCTS_CATEGORIES`;
/*!40101 SET @saved_cs_client     = @@character_set_client */;
/*!50503 SET character_set_client = utf8mb4 */;
CREATE TABLE `PRODUCTS_CATEGORIES` (
  `ID_PRODUCT_CATEGORY` int unsigned NOT NULL AUTO_INCREMENT,
  `ID_PRODUCT` int unsigned DEFAULT NULL,
  `ID_CATEGORY` int unsigned DEFAULT NULL,
  PRIMARY KEY (`ID_PRODUCT_CATEGORY`),
  KEY `ID_PRODUCT` (`ID_PRODUCT`),
  KEY `ID_CATEGORY` (`ID_CATEGORY`),
  CONSTRAINT `PRODUCTS_CATEGORIES_ibfk_1` FOREIGN KEY (`ID_PRODUCT`) REFERENCES `PRODUCTS` (`ID_PRODUCT`),
  CONSTRAINT `PRODUCTS_CATEGORIES_ibfk_2` FOREIGN KEY (`ID_CATEGORY`) REFERENCES `CATEGORIES` (`ID_CATEGORY`)
) ENGINE=InnoDB AUTO_INCREMENT=2 DEFAULT CHARSET=utf8mb4 COLLATE=utf8mb4_0900_ai_ci;
/*!40101 SET character_set_client = @saved_cs_client */;

--
-- Dumping data for table `PRODUCTS_CATEGORIES`
--

LOCK TABLES `PRODUCTS_CATEGORIES` WRITE;
/*!40000 ALTER TABLE `PRODUCTS_CATEGORIES` DISABLE KEYS */;
/*!40000 ALTER TABLE `PRODUCTS_CATEGORIES` ENABLE KEYS */;
UNLOCK TABLES;

--
-- Table structure for table `ROLES`
--

DROP TABLE IF EXISTS `ROLES`;
/*!40101 SET @saved_cs_client     = @@character_set_client */;
/*!50503 SET character_set_client = utf8mb4 */;
CREATE TABLE `ROLES` (
  `ID_ROLE` int unsigned NOT NULL AUTO_INCREMENT,
  `ROLE_NAME` varchar(100) DEFAULT NULL,
  `DESCRIPTION` text,
  PRIMARY KEY (`ID_ROLE`)
) ENGINE=InnoDB AUTO_INCREMENT=6 DEFAULT CHARSET=utf8mb4 COLLATE=utf8mb4_0900_ai_ci;
/*!40101 SET character_set_client = @saved_cs_client */;

--
-- Dumping data for table `ROLES`
--

LOCK TABLES `ROLES` WRITE;
/*!40000 ALTER TABLE `ROLES` DISABLE KEYS */;
INSERT INTO `ROLES` VALUES (1,'site_owner','The owner of the Website has access for almost all modules'),(2,'inventory_chief','The owner of the Website has access for almost all modules'),(3,'point_of_sale','Access for POS module'),(4,'point_of_sale','Person who can add bills and modify open bills'),(5,'contability','Person who can view bills read-only for balance and taxes purposes');
/*!40000 ALTER TABLE `ROLES` ENABLE KEYS */;
UNLOCK TABLES;

--
-- Table structure for table `STORES`
--

DROP TABLE IF EXISTS `STORES`;
/*!40101 SET @saved_cs_client     = @@character_set_client */;
/*!50503 SET character_set_client = utf8mb4 */;
CREATE TABLE `STORES` (
  `ID_STORE` int unsigned NOT NULL AUTO_INCREMENT,
  `STORE_NAME` varchar(100) DEFAULT NULL,
  `NO_ID` varchar(50) DEFAULT NULL,
  `ADDRESS` varchar(100) DEFAULT NULL,
  `SOCIAL_NETWORKS` text,
  `PHONE` varchar(30) DEFAULT NULL,
  `CREATED_AT` timestamp NULL DEFAULT NULL,
  `URL` varchar(300) DEFAULT NULL,
  `MONGO_ID` varchar(24) DEFAULT NULL,
  `ID_USER` int unsigned DEFAULT NULL,
  `ACTIVO` int unsigned DEFAULT '0',
  PRIMARY KEY (`ID_STORE`),
  KEY `ID_USER` (`ID_USER`),
  CONSTRAINT `STORES_ibfk_1` FOREIGN KEY (`ID_USER`) REFERENCES `USERS` (`ID_USER`)
) ENGINE=InnoDB AUTO_INCREMENT=18 DEFAULT CHARSET=utf8mb4 COLLATE=utf8mb4_0900_ai_ci;
/*!40101 SET character_set_client = @saved_cs_client */;

--
-- Dumping data for table `STORES`
--

LOCK TABLES `STORES` WRITE;
/*!40000 ALTER TABLE `STORES` DISABLE KEYS */;
INSERT INTO `STORES` VALUES (8,'Store Prueba 1','1061543081','Calle 7#12-112','\n      {\n        \"facebook\" : undefined,\n        \"instagram\" : ruben4181\n      }\n    ','3117348662','2022-06-08 05:39:34',NULL,NULL,12,1),(9,'Tienda 2','1061543081','','\n      {\n        \"facebook\" : undefined,\n        \"instagram\" : ruben4181\n      }\n    ','','2022-06-09 17:41:58',NULL,NULL,12,1),(10,'Tienda de prueba Allex','1061543081','Calle 7#12-112','\n      {\n        \"facebook\" : undefined,\n        \"instagram\" : undefined\n      }\n    ','3117348662','2022-06-09 17:53:00',NULL,NULL,10,1),(11,'ALLEX MOTOS Y LUJOS LA 7MA','1061708563','CALLE 7 # 12-227','\n      {\n        \"facebook\" : undefined,\n        \"instagram\" : undefined\n      }\n    ','3108465252','2022-06-09 17:55:08',NULL,NULL,10,1),(12,'Indie Prueba','10753993','Calle 7#12-112','\n      {\n        \"facebook\" : @indieliquors,\n        \"instagram\" : @idieliquors\n      }\n    ','320726','2022-06-10 17:26:52',NULL,NULL,12,1),(13,'Indie X','1061543081','Piendamó CRA 8.','\n      {\n        \"facebook\" : @indielicors,\n        \"instagram\" : @indielicors\n      }\n    ','3117348662','2022-06-10 17:28:30',NULL,NULL,12,1),(14,'Venaindie','10753993','Piendamó Cra8','\n      {\n        \"facebook\" : https://www.facebook.com/venaindie/,\n        \"instagram\" : @indielicors\n      }\n    ','3208762349','2022-06-10 22:25:40',NULL,NULL,13,1),(15,'Estanco La Bombonera','','Cl 8 # 10 - 16 Local 2','\n      {\n        \"facebook\" : undefined,\n        \"instagram\" : undefined\n      }\n    ','3175258522','2022-06-11 16:14:37',NULL,NULL,17,1),(16,'Dulce Natura','1007352686','Cra4a#10-42','\n      {\n        \"facebook\" : undefined,\n        \"instagram\" : dulce_natura22\n      }\n    ','3234896979','2022-07-08 01:02:30',NULL,NULL,19,1),(17,'Fabian Concha Fernández - Ven a Indie','10753993','Cl 11 10 40','\n      {\n        \"facebook\" : undefined,\n        \"instagram\" : @indieliquors\n      }\n    ','3208762349','2022-07-27 15:52:07',NULL,NULL,16,1);
/*!40000 ALTER TABLE `STORES` ENABLE KEYS */;
UNLOCK TABLES;

--
-- Table structure for table `SUPPLIERS`
--

DROP TABLE IF EXISTS `SUPPLIERS`;
/*!40101 SET @saved_cs_client     = @@character_set_client */;
/*!50503 SET character_set_client = utf8mb4 */;
CREATE TABLE `SUPPLIERS` (
  `ID_SUPPLIER` int unsigned NOT NULL AUTO_INCREMENT,
  `SUPPLIER_NAME` varchar(100) DEFAULT NULL,
  `SUPPLIER_ID` varchar(100) DEFAULT NULL,
  `SUPPLIER_ADDRESS` varchar(200) DEFAULT NULL,
  `SUPPLIER_PHONE` varchar(30) DEFAULT NULL,
  `SUPPLIER_EMAIL` varchar(100) DEFAULT NULL,
  `DESCRIPTION` varchar(500) DEFAULT NULL,
  `CREATED_AT` timestamp NULL DEFAULT CURRENT_TIMESTAMP,
  `ID_STORE` int unsigned DEFAULT NULL,
  `ACTIVE` int DEFAULT '1',
  `UPDATED_AT` timestamp NULL DEFAULT CURRENT_TIMESTAMP,
  PRIMARY KEY (`ID_SUPPLIER`),
  KEY `ID_STORE` (`ID_STORE`),
  CONSTRAINT `SUPPLIERS_ibfk_1` FOREIGN KEY (`ID_STORE`) REFERENCES `STORES` (`ID_STORE`)
) ENGINE=InnoDB AUTO_INCREMENT=6 DEFAULT CHARSET=utf8mb4 COLLATE=utf8mb4_0900_ai_ci;
/*!40101 SET character_set_client = @saved_cs_client */;

--
-- Dumping data for table `SUPPLIERS`
--

LOCK TABLES `SUPPLIERS` WRITE;
/*!40000 ALTER TABLE `SUPPLIERS` DISABLE KEYS */;
INSERT INTO `SUPPLIERS` VALUES (1,'Proveedor Andrés','1231241','Calle 7#12-112','3117348662','ruben4181@gmail.com','Electrodomesticos, televisores B2B','2022-08-10 04:05:48',8,1,'2022-08-10 04:06:18'),(2,'Sanclemente Inc',NULL,NULL,NULL,'sancle@gmail.com',NULL,'2022-08-10 04:12:29',8,1,'2022-08-10 04:12:29'),(3,'COMPAÑÍA ENERGÉTICA DE OCCIDENTE SAS ESP','900366010-1','CR 7 1N 28','018000511234',NULL,'POPAYÁN CAUCA','2022-08-22 19:43:24',17,0,'2022-08-22 19:43:24'),(4,'LUZ MARY DUQUE GIRALDO','24474670-6','CL 7 12 63','8250019',NULL,'PIENDAMÓ CAUCA','2022-08-22 19:44:41',17,0,'2022-08-22 19:44:41'),(5,'ALMACENES ÉXITO SA','890900608-9',NULL,NULL,NULL,'MEDELLÍN ANTIOQUIA','2022-08-22 19:50:27',17,0,'2022-08-22 19:50:27');
/*!40000 ALTER TABLE `SUPPLIERS` ENABLE KEYS */;
UNLOCK TABLES;

--
-- Table structure for table `USERS`
--

DROP TABLE IF EXISTS `USERS`;
/*!40101 SET @saved_cs_client     = @@character_set_client */;
/*!50503 SET character_set_client = utf8mb4 */;
CREATE TABLE `USERS` (
  `ID_USER` int unsigned NOT NULL AUTO_INCREMENT,
  `USERNAME` varchar(100) DEFAULT NULL,
  `EMAIL` varchar(100) DEFAULT NULL,
  `PASSWORD` varchar(64) DEFAULT NULL,
  `CONF_EMAIL` tinyint(1) DEFAULT '0',
  `MONGO_ID` varchar(24) DEFAULT NULL,
  `IMG_SRC` varchar(500) DEFAULT NULL,
  `CREATED_AT` timestamp NULL DEFAULT CURRENT_TIMESTAMP,
  PRIMARY KEY (`ID_USER`)
) ENGINE=InnoDB AUTO_INCREMENT=20 DEFAULT CHARSET=utf8mb4 COLLATE=utf8mb4_0900_ai_ci;
/*!40101 SET character_set_client = @saved_cs_client */;

--
-- Dumping data for table `USERS`
--

LOCK TABLES `USERS` WRITE;
/*!40000 ALTER TABLE `USERS` DISABLE KEYS */;
INSERT INTO `USERS` VALUES (10,'allex.motos','rafavar26@hotmail.com','b9fa09ffa08ca2bccafbfda9105d61f2e8417c0fb38b2696fece977b33299c2e',0,'6125aec10506fa59a674f56a',NULL,'2022-07-09 21:13:17'),(12,'user_test','test@gmail.com','03ac674216f3e15c761ee1a5e255f067953623c8b388b4459e13f978d7c846f4',0,'6125aec10506fa59a674f56a',NULL,'2022-07-09 21:13:17'),(13,'Indie ','ven.a.indie@hotmail.com','50f099e6a5acb32fada9f7d862cffc7fe1696ac31c91d595ea885f891a2fb4e9',0,'6125aec10506fa59a674f56a',NULL,'2022-07-09 21:13:17'),(14,'COLD TASTE ','mariacamilacd976@gmail.com','03ac674216f3e15c761ee1a5e255f067953623c8b388b4459e13f978d7c846f4',0,'6125aec10506fa59a674f56a',NULL,'2022-07-09 21:13:17'),(15,'cold_taste','mail@gmail.com','03ac674216f3e15c761ee1a5e255f067953623c8b388b4459e13f978d7c846f4',0,'6125aec10506fa59a674f56a',NULL,'2022-07-09 21:13:17'),(16,'VENAINDIE','ven.a.indie@gmail.com','50f099e6a5acb32fada9f7d862cffc7fe1696ac31c91d595ea885f891a2fb4e9',0,'6125aec10506fa59a674f56a',NULL,'2022-07-09 21:13:17'),(17,'Estanco La Bombonera','andion95@hotmail.com','ffe0746fcba596b5f148e2137b9d06db5d0c163b387b6e3985a20d494af0c027',0,'6125aec10506fa59a674f56a',NULL,'2022-07-09 21:13:17'),(18,'Haku','juanmi11877@gmail.com','f12ef649c6e6534e76363099b3f2a5d4dcedd470a60e7f9702eb0a6939e72169',0,'6125aec10506fa59a674f56a',NULL,'2022-07-09 21:13:17'),(19,'Dulcenatura22p','dulcenatura397@gmail.com','5541bfa0a54625fc4f9ba3d649a652fad9f8ea41382674ad458ab032490cfe8f',0,'6125aec10506fa59a674f56a',NULL,'2022-07-09 21:13:17');
/*!40000 ALTER TABLE `USERS` ENABLE KEYS */;
UNLOCK TABLES;

--
-- Table structure for table `USERS_ROLES`
--

DROP TABLE IF EXISTS `USERS_ROLES`;
/*!40101 SET @saved_cs_client     = @@character_set_client */;
/*!50503 SET character_set_client = utf8mb4 */;
CREATE TABLE `USERS_ROLES` (
  `ID_USER_ROLE` int unsigned NOT NULL AUTO_INCREMENT,
  `ID_USER` int unsigned DEFAULT NULL,
  `ID_ROLE` int unsigned DEFAULT NULL,
  `ID_STORE` int unsigned DEFAULT NULL,
  PRIMARY KEY (`ID_USER_ROLE`),
  KEY `ID_USER` (`ID_USER`),
  KEY `ID_ROLE` (`ID_ROLE`),
  KEY `ID_STORE` (`ID_STORE`),
  CONSTRAINT `USERS_ROLES_ibfk_1` FOREIGN KEY (`ID_USER`) REFERENCES `USERS` (`ID_USER`),
  CONSTRAINT `USERS_ROLES_ibfk_2` FOREIGN KEY (`ID_ROLE`) REFERENCES `ROLES` (`ID_ROLE`),
  CONSTRAINT `USERS_ROLES_ibfk_3` FOREIGN KEY (`ID_STORE`) REFERENCES `STORES` (`ID_STORE`)
) ENGINE=InnoDB AUTO_INCREMENT=25 DEFAULT CHARSET=utf8mb4 COLLATE=utf8mb4_0900_ai_ci;
/*!40101 SET character_set_client = @saved_cs_client */;

--
-- Dumping data for table `USERS_ROLES`
--

LOCK TABLES `USERS_ROLES` WRITE;
/*!40000 ALTER TABLE `USERS_ROLES` DISABLE KEYS */;
INSERT INTO `USERS_ROLES` VALUES (6,12,1,NULL),(7,12,1,8),(8,12,1,9),(9,10,1,NULL),(10,10,1,10),(11,10,1,11),(12,13,1,NULL),(13,12,1,12),(14,12,1,13),(15,13,1,14),(16,14,1,NULL),(17,15,1,NULL),(18,16,1,NULL),(19,17,1,NULL),(20,17,1,15),(21,18,1,NULL),(22,19,1,NULL),(23,19,1,16),(24,16,1,17);
/*!40000 ALTER TABLE `USERS_ROLES` ENABLE KEYS */;
UNLOCK TABLES;

--
-- Table structure for table `USERS_STORES`
--

DROP TABLE IF EXISTS `USERS_STORES`;
/*!40101 SET @saved_cs_client     = @@character_set_client */;
/*!50503 SET character_set_client = utf8mb4 */;
CREATE TABLE `USERS_STORES` (
  `ID_USERS_STORES` int unsigned NOT NULL AUTO_INCREMENT,
  `ID_USER` int unsigned DEFAULT NULL,
  `ID_STORE` int unsigned DEFAULT NULL,
  `ID_PAR_USER_TYPE` int unsigned DEFAULT NULL,
  PRIMARY KEY (`ID_USERS_STORES`),
  KEY `ID_USER` (`ID_USER`),
  KEY `ID_STORE` (`ID_STORE`),
  KEY `ID_PAR_USER_TYPE` (`ID_PAR_USER_TYPE`),
  CONSTRAINT `USERS_STORES_ibfk_1` FOREIGN KEY (`ID_USER`) REFERENCES `USERS` (`ID_USER`),
  CONSTRAINT `USERS_STORES_ibfk_2` FOREIGN KEY (`ID_STORE`) REFERENCES `STORES` (`ID_STORE`),
  CONSTRAINT `USERS_STORES_ibfk_3` FOREIGN KEY (`ID_PAR_USER_TYPE`) REFERENCES `PAR_USER_TYPE` (`ID_PAR_USER_TYPE`)
) ENGINE=InnoDB AUTO_INCREMENT=17 DEFAULT CHARSET=utf8mb4 COLLATE=utf8mb4_0900_ai_ci;
/*!40101 SET character_set_client = @saved_cs_client */;

--
-- Dumping data for table `USERS_STORES`
--

LOCK TABLES `USERS_STORES` WRITE;
/*!40000 ALTER TABLE `USERS_STORES` DISABLE KEYS */;
INSERT INTO `USERS_STORES` VALUES (7,12,8,1),(8,12,9,1),(9,10,10,1),(10,10,11,1),(11,12,12,1),(12,12,13,1),(13,13,14,1),(14,17,15,1),(15,19,16,1),(16,16,17,1);
/*!40000 ALTER TABLE `USERS_STORES` ENABLE KEYS */;
UNLOCK TABLES;
/*!40103 SET TIME_ZONE=@OLD_TIME_ZONE */;

/*!40101 SET SQL_MODE=@OLD_SQL_MODE */;
/*!40014 SET FOREIGN_KEY_CHECKS=@OLD_FOREIGN_KEY_CHECKS */;
/*!40014 SET UNIQUE_CHECKS=@OLD_UNIQUE_CHECKS */;
/*!40101 SET CHARACTER_SET_CLIENT=@OLD_CHARACTER_SET_CLIENT */;
/*!40101 SET CHARACTER_SET_RESULTS=@OLD_CHARACTER_SET_RESULTS */;
/*!40101 SET COLLATION_CONNECTION=@OLD_COLLATION_CONNECTION */;
/*!40111 SET SQL_NOTES=@OLD_SQL_NOTES */;

-- Dump completed on 2022-10-04  3:23:47
